date,actual_price,forecast_price,error
2014-02-27,18.845358,18.439510349193856,0.4058476508061446
2014-02-28,18.794287,18.408381263571908,0.3859057364280929
2014-03-03,18.848572,18.409094054667435,0.4394779453325661
2014-03-04,18.972857,18.443175935067007,0.5296810649329942
2014-03-05,19.012857,18.47319316360732,0.5396638363926805
2014-03-06,18.955357,18.484186649129317,0.4711703508706826
2014-03-07,18.944286,18.508112970640557,0.4361730293594448
2014-03-10,18.96143,18.511802051391253,0.44962794860874666
2014-03-11,19.14607,18.51015253464438,0.6359174653556217
2014-03-12,19.164642,18.521243995664726,0.6433980043352747
2014-03-13,18.951786,18.48998349852283,0.4618025014771696
2014-03-14,18.73893,18.487060867705434,0.25186913229456565
2014-03-17,18.812143,18.504019932650866,0.30812306734913264
2014-03-18,18.978571,18.534253709399295,0.44431729060070424
2014-03-19,18.973572,18.493881016857397,0.4796909831426035
2014-03-20,18.882143,18.523396066065644,0.35874693393435564
2014-03-21,19.031071,18.503480981450647,0.5275900185493541
2014-03-24,19.256786,18.519800897425156,0.7369851025748453
2014-03-25,19.463928,18.531824771244302,0.9321032287556967
2014-03-26,19.277857,18.58508861983719,0.6927683801628106
2014-03-27,19.195,18.58987843329272,0.6051215667072789
2014-03-28,19.173571,18.596857656189776,0.5767133438102228
2014-03-31,19.169287,18.567056240070976,0.6022307599290251
2014-04-01,19.344643,18.53708090306072,0.8075620969392823
2014-04-02,19.376785,18.538137256320507,0.8386477436794948
2014-04-03,19.2425,18.572330687714278,0.6701693122857222
2014-04-04,18.99357,18.602377343597738,0.39119265640226075
2014-04-07,18.695356,18.612317841551157,0.08303815844884355
2014-04-08,18.694286,18.635770606316235,0.05851539368376635
2014-04-09,18.940001,18.63949266764639,0.3005083323536084
2014-04-10,18.695715,18.636731020713913,0.05898397928608645
2014-04-11,18.557501,18.64643380194981,-0.08893280194981301
2014-04-14,18.63143,18.613962296645063,0.017467703354938635
2014-04-15,18.498571,18.611033456506775,-0.11246245650677622
2014-04-16,18.536072,18.626751800927902,-0.09067980092790151
2014-04-17,18.747856,18.65718431827245,0.09067168172754947
2014-04-18,18.747856,18.61663708462266,0.13121891537733887
2014-04-21,18.970358,18.64597091057221,0.32438708942779115
2014-04-22,18.989286,18.627300860911525,0.36198513908847474
2014-04-23,18.741072,18.644651867023352,0.09642013297664676
2014-04-24,20.2775,18.657638840488108,1.619861159511892
2014-04-25,20.42643,18.71077782377713,1.7156521762228714
2014-04-28,21.217501,18.716436133203175,2.501064866796824
2014-04-29,21.154642,18.724172872406953,2.430469127593046
2014-04-30,21.074642,18.694403774122822,2.3802382258771786
2014-05-01,21.124287,18.664433425826964,2.459853574173035
2014-05-02,21.16357,18.66549126462722,2.498078735372779
2014-05-05,21.462856,18.699685178362596,2.7631708216374022
2014-05-06,21.22893,18.729731961490174,2.4991980385098245
2014-05-07,21.154642,18.73966790644323,2.4149740935567685
2014-05-08,20.999643,18.763118623602004,2.2365243763979947
2014-05-09,20.912144,18.76684082753692,2.1453031724630804
2014-05-12,21.172501,18.764074371876433,2.408426628123568
2014-05-13,21.205713,18.773771148614276,2.431941851385723
2014-05-14,21.209642,18.741294407043913,2.4683475929560856
2014-05-15,21.029285,18.738365540057227,2.2909194599427742
2014-05-16,21.339643,18.754078519739732,2.585564480260267
2014-05-19,21.592501,18.784511896416696,2.807989103583303
2014-05-20,21.596786,18.74396390807042,2.852822091929582
2014-05-21,21.653929,18.7732969504306,2.880632049569403
2014-05-22,21.688213,18.754632284163666,2.933580715836335
2014-05-23,21.933214,18.771987748595453,3.161226251404546
2014-05-26,21.933214,18.784978886396797,3.148235113603203
2014-05-27,22.343929,18.838117329782026,3.505811670217973
2014-05-28,22.286072,18.843779394488806,3.442292605511195
2014-05-29,22.692142,18.8515194091095,3.8406225908905007
2014-05-30,22.607143,18.821750450564124,3.785392549435876
2014-06-02,22.451786,18.791780123838908,3.6600058761610903
2014-06-03,22.769285,18.79283796906248,3.9764470309375213
2014-06-04,23.029285,18.827031884883446,4.202253115116555
2014-06-05,23.119642,18.857078668561215,4.262563331438784
2014-06-06,23.05607,18.8670145938276,4.189055406172397
2014-06-09,23.424999,18.890465302132746,4.5345336978672535
2014-06-10,23.5625,18.89418750668428,4.668312493315721
2014-06-11,23.465,18.89142103023138,4.573578969768619
2014-06-12,23.0725,18.901117781006437,4.171382218993564
2014-06-13,22.82,18.86864101679504,3.951358983204962
2014-06-16,23.049999,18.865712149692264,4.1842868503077355
2014-06-17,23.02,18.881425106178234,4.138574893821765
2014-06-18,23.045,18.911858486570853,4.133141513429148
2014-06-19,22.965,18.871310494961353,4.093689505038647
2014-06-20,22.727501,18.900643533933376,3.826857466066624
2014-06-23,22.7075,18.88197889094364,3.8255211090563606
2014-06-24,22.57,18.89933437465272,3.6706656253472794
2014-06-25,22.59,18.912325530460198,3.6776744695398023
2014-06-26,22.725,18.965463971510935,3.759536028489066
2014-06-27,22.995001,18.971126052455134,4.023874947544865
2014-06-30,23.2325,18.978866081238372,4.253633918761629
2014-07-01,23.379999,18.949097123297207,4.430901876702794
2014-07-02,23.370001,18.919126796665267,4.450874203334731
2014-07-03,23.5075,18.920184641916613,4.587315358083387
2014-07-04,23.5075,18.954378557746594,4.553121442253406
2014-07-07,23.9925,18.984425341426743,5.008074658573257
2014-07-08,23.8375,18.994361266608006,4.843138733391992
2014-07-09,23.8475,19.017811974874874,4.829688025125126
2014-07-10,23.76,19.021534179429064,4.738465820570937
2014-07-11,23.805,19.01876770288626,4.786232297113738
2014-07-14,24.112499,19.02846445354906,5.08403454645094
2014-07-15,23.83,18.995987689239758,4.83401231076024
2014-07-16,23.695,18.993058822136483,4.701941177863517
2014-07-17,23.272499,19.00877177852215,4.2637272214778505
2014-07-18,23.6075,19.039205158930834,4.568294841069168
2014-07-21,23.485001,18.998657167307226,4.486343832692775
2014-07-22,23.68,19.027990206264597,4.652009793735402
2014-07-23,24.297501,19.009325563375516,5.288175436624485
2014-07-24,24.2575,19.026681047167948,5.230818952832053
2014-07-25,24.4175,19.039672203053275,5.377827796946725
2014-07-28,24.754999,19.092810644093923,5.662188355906078
2014-07-29,24.594999,19.098472725108333,5.496526274891668
2014-07-30,24.5375,19.106212753952807,5.431287246047194
2014-07-31,23.9,19.076443796014257,4.823556203985742
2014-08-01,24.032499,19.04647346938272,4.986025530617283
2014-08-04,23.897499,19.04753131463418,4.849967685365819
2014-08-05,23.780001,19.081725230464205,4.698275769535794
2014-08-06,23.74,19.111772014144364,4.628227985855634
2014-08-07,23.620001,19.121707939325255,4.498293060674744
2014-08-08,23.684999,19.145158647591952,4.539840352408049
2014-08-11,23.997499,19.14888085214616,4.848618147853841
2014-08-12,23.9925,19.14611437560297,4.84638562439703
2014-08-13,24.309999,19.155811126265277,5.154187873734724
2014-08-14,24.375,19.12333436195556,5.2516656380444395
2014-08-15,24.495001,19.120405494852278,5.37459550514772
2014-08-18,24.790001,19.136118451237518,5.653882548762482
2014-08-19,25.1325,19.166551831646277,5.965948168353723
2014-08-20,25.1425,19.1260038400226,6.016496159977397
2014-08-21,25.145,19.155336878979913,5.989663121020087
2014-08-22,25.33,19.13667223609126,6.193327763908737
2014-08-25,25.385,19.15402771988405,6.230972280115953
2014-08-26,25.2225,19.16701887576972,6.05548112423028
2014-08-27,25.532499,19.220157316810322,6.312341683189679
2014-08-28,25.5625,19.22581939782503,6.336680602174969
2014-08-29,25.625,19.23355942666977,6.391440573330229
2014-09-01,25.625,19.203790468731228,6.421209531268772
2014-09-02,25.825001,19.17382014209969,6.651180857900311
2014-09-03,24.735001,19.174877987351152,5.560123012648848
2014-09-04,24.530001,19.209071903181176,5.320929096818823
2014-09-05,24.7425,19.23911868686133,5.503381313138668
2014-09-08,24.59,19.249054612042226,5.340945387957774
2014-09-09,24.497499,19.272505320308927,5.2249936796910745
2014-09-10,25.25,19.276227524863128,5.973772475136872
2014-09-11,25.3575,19.273461048319938,6.084038951680064
2014-09-12,25.415001,19.28315779898224,6.131843201017759
2014-09-15,25.407499,19.250681034672517,6.156817965327484
2014-09-16,25.215,19.247752167569242,5.967247832430758
2014-09-17,25.395,19.263465123954475,6.131534876045524
2014-09-18,25.4475,19.29389850436323,6.153601495636771
2014-09-19,25.24,19.25335051273956,5.98664948726044
2014-09-22,25.264999,19.28268355169687,5.98231544830313
2014-09-23,25.66,19.26401890880822,6.3959810911917785
2014-09-24,25.4375,19.281374392601013,6.156125607398987
2014-09-25,24.467501,19.294365548486677,5.173135451513321
2014-09-26,25.1875,19.347503989527283,5.839996010472717
2014-09-29,25.0275,19.353166070541995,5.674333929458005
2014-09-30,25.1875,19.360906099386735,5.826593900613265
2014-10-01,24.795,19.331137141448195,5.463862858551806
2014-10-02,24.975,19.301166814816657,5.673833185183344
2014-10-03,24.905001,19.30222466006812,5.602776339931879
2014-10-06,24.905001,19.336418575898144,5.568582424101855
2014-10-07,24.6875,19.3664653595783,5.321034640421701
2014-10-08,25.200001,19.376401284759194,5.823599715240807
2014-10-09,25.254999,19.39985199302589,5.855147006974111
2014-10-10,25.182501,19.403574197580095,5.778926802419903
2014-10-13,24.952499,19.4008077210369,5.551691278963098
2014-10-14,24.6875,19.41050447169921,5.276995528300791
2014-10-15,24.385,19.37802770738949,5.006972292610513
2014-10-16,24.065001,19.37509884028621,4.689902159713789
2014-10-17,24.4175,19.390811796671443,5.026688203328558
2014-10-20,24.940001,19.4212451770802,5.5187558229198
2014-10-21,25.6175,19.380697185456526,6.2368028145434735
2014-10-22,25.747499,19.410030224413838,6.337468775586164
2014-10-23,26.2075,19.39136558152519,6.81613441847481
2014-10-24,26.305,19.40872106531798,6.8962789346820195
2014-10-27,26.2775,19.42171222120365,6.855787778796351
2014-10-28,26.684999,19.47485066224425,7.210148337755751
2014-10-29,26.834999,19.480512743258966,7.354486256741033
2014-10-30,26.745001,19.488252772103703,7.256748227896296
2014-10-31,27.0,19.458483814165163,7.541516185834837
2014-11-03,27.35,19.428513487533625,7.921486512466377
2014-11-04,27.15,19.429571332785088,7.720428667214911
2014-11-05,27.215,19.46376524861511,7.751234751384889
2014-11-06,27.174999,19.493812032295267,7.681186967704733
2014-11-07,27.252501,19.50374795747616,7.748753042523838
2014-11-10,27.2075,19.52719866574286,7.680301334257141
2014-11-11,27.424999,19.530920870297063,7.894078129702937
2014-11-12,27.8125,19.52815439375387,8.28434560624613
2014-11-13,28.205,19.537851144416177,8.667148855583822
2014-11-14,28.545,19.505374380106456,9.039625619893545
2014-11-17,28.497499,19.502445513003178,8.995053486996824
2014-11-18,28.8675,19.51815846938841,9.34934153061159
2014-11-19,28.6675,19.548591849797166,9.118908150202834
2014-11-20,29.077499,19.508043858173494,9.569455141826506
2014-11-21,29.1175,19.537376897130805,9.580123102869194
2014-11-24,29.657499,19.518712254242157,10.138786745757844
2014-11-25,29.4,19.536067738034948,9.86393226196505
2014-11-26,29.75,19.549058893920616,10.200941106079384
2014-11-27,29.75,19.602197334961218,10.147802665038782
2014-11-28,29.7325,19.607859415975934,10.124640584024068
2014-12-01,28.7675,19.61559944482067,9.151900555179328
2014-12-02,28.657499,19.58583048688213,9.07166851311787
2014-12-03,28.9825,19.555860160250592,9.42663983974941
2014-12-04,28.872499,19.556918005502055,9.315580994497946
2014-12-05,28.75,19.59111192133208,9.158888078667921
2014-12-08,28.1,19.621158705012235,8.478841294987767
2014-12-09,28.530001,19.63109463019313,8.89890636980687
2014-12-10,27.987499,19.654545338459826,8.332953661540174
2014-12-11,27.905001,19.65826754301403,8.246733456985968
2014-12-12,27.432501,19.655501066470837,7.7769999335291615
2014-12-15,27.057501,19.665197817133144,7.392303182866854
2014-12-16,26.6875,19.632721052823424,7.054778947176576
2014-12-17,27.352501,19.629792185720145,7.722708814279855
2014-12-18,28.1625,19.645505142105378,8.516994857894623
2014-12-19,27.945,19.675938522514134,8.269061477485867
2014-12-22,28.235001,19.63539053089046,8.599610469109539
2014-12-23,28.135,19.664723569847773,8.470276430152229
2014-12-24,28.002501,19.646058926959125,8.356442073040874
2014-12-25,28.002501,19.663414410751916,8.339086589248083
2014-12-26,28.497499,19.676405566637584,8.821093433362417
2014-12-29,28.477501,19.729544007678186,8.747956992321814
2014-12-30,28.129999,19.7352060886929,8.3947929113071
2014-12-31,27.594999,19.742946117537638,7.852052882462363
2015-01-01,27.594999,19.7131771595991,7.881821840400903
2015-01-02,27.3325,19.68320683296756,7.6492931670324396
2015-01-05,26.5625,19.684264678219023,6.878235321780977
2015-01-06,26.565001,19.718458594049046,6.846542405950952
2015-01-07,26.9375,19.748505377729202,7.188994622270798
2015-01-08,27.9725,19.758441302910096,8.214058697089904
2015-01-09,28.002501,19.781892011176794,8.220608988823205
2015-01-12,27.3125,19.785614215730998,7.526885784269002
2015-01-13,27.555,19.782847739187805,7.772152260812195
2015-01-14,27.450001,19.792544489850112,7.657456510149888
2015-01-15,26.705,19.76006772554039,6.944932274459607
2015-01-16,26.497499,19.757138858437113,6.740360141562888
2015-01-19,26.497499,19.772851814822346,6.7246471851776555
2015-01-20,27.18,19.8032851952311,7.376714804768898
2015-01-21,27.387501,19.76273720360743,7.624763796392571
2015-01-22,28.1,19.79207024256474,8.30792975743526
2015-01-23,28.245001,19.773405599676092,8.471595400323906
2015-01-26,28.275,19.790761083468883,8.484238916531115
2015-01-27,27.285,19.80375223935455,7.481247760645449
2015-01-28,28.827499,19.856890680395153,8.970608319604846
2015-01-29,29.725,19.86255276140987,9.862447238590132
2015-01-30,29.290001,19.870292790254606,9.419708209745394
2015-02-02,29.657499,19.840523832316066,9.816975167683935
2015-02-03,29.6625,19.810553505684528,9.851946494315474
2015-02-04,29.889999,19.81161135093599,10.078387649064009
2015-02-05,29.985001,19.845805266766014,10.139195733233986
2015-02-06,29.7325,19.87585205044617,9.856647949553832
2015-02-09,29.93,19.885787975627064,10.044212024372936
2015-02-10,30.504999,19.90923868389376,10.59576031610624
2015-02-11,31.219999,19.912960888447966,11.307038111552036
2015-02-12,31.615,19.910194411904772,11.704805588095226
2015-02-13,31.77,19.91989116256708,11.85010883743292
2015-02-16,31.77,19.88741439825736,11.88258560174264
2015-02-17,31.9575,19.88448553115408,12.073014468845919
2015-02-18,32.18,19.900198487539313,12.279801512460686
2015-02-19,32.112499,19.93063186794807,12.18186713205193
2015-02-20,32.375,19.890083876324397,12.484916123675603
2015-02-23,33.25,19.919416915281708,13.330583084718292
2015-02-24,33.0425,19.90075227239306,13.141747727606937
2015-02-25,32.197498,19.91810775618585,12.279390243814152
2015-02-26,32.605,19.93109891207152,12.673901087928478
2015-02-27,32.115002,19.98423735311212,12.130764646887876
2015-03-02,32.272499,19.989899434126837,12.282599565873166
2015-03-03,32.34,19.997639462971573,12.34236053702843
2015-03-04,32.134998,19.967870505033034,12.16712749496697
2015-03-05,31.602501,19.937900178401495,11.664600821598505
2015-03-06,31.65,19.938958023652958,11.71104197634704
2015-03-09,31.785,19.97315193948298,11.811848060517018
2015-03-10,31.127501,20.003198723163138,11.124302276836861
2015-03-11,30.559999,20.01313464834403,10.54686435165597
2015-03-12,31.112499,20.03658535661073,11.07591364338927
2015-03-13,30.897499,20.040307561164934,10.857191438835066
2015-03-16,31.237499,20.03754108462174,11.19995791537826
2015-03-17,31.76,20.047237835284047,11.712762164715954
2015-03-18,32.1175,20.014761070974327,12.102738929025673
2015-03-19,31.875,20.011832203871048,11.863167796128952
2015-03-20,31.475,20.02754516025628,11.44745483974372
2015-03-23,31.8025,20.057978540665037,11.744521459334962
2015-03-24,31.672501,20.017430549041364,11.655070450958636
2015-03-25,30.844999,20.046763587998676,10.798235412001326
2015-03-26,31.059999,20.028098945110028,11.031900054889974
2015-03-27,30.8125,20.04545442890282,10.767045571097182
2015-03-30,31.592501,20.058445584788487,11.534055415211512
2015-03-31,31.1075,20.11158402582909,10.995915974170913
2015-04-01,31.0625,20.117246106843805,10.945253893156195
2015-04-02,31.33,20.12498613568854,11.205013864311457
2015-04-03,31.33,20.09521717775,11.234782822249997
2015-04-06,31.8375,20.065246851118463,11.772253148881536
2015-04-07,31.502501,20.066304696369926,11.436196303630073
2015-04-08,31.4,20.10049861219995,11.29950138780005
2015-04-09,31.639999,20.130545395880105,11.509453604119894
2015-04-10,31.775,20.140481321061,11.634518678939
2015-04-13,31.7125,20.163932029327697,11.548567970672302
2015-04-14,31.575001,20.1676542338819,11.4073467661181
2015-04-15,31.695,20.164887757338708,11.530112242661293
2015-04-16,31.5425,20.174584508001015,11.367915491998986
2015-04-17,31.1875,20.142107743691295,11.045392256308705
2015-04-20,31.9,20.139178876588016,11.760821123411983
2015-04-21,31.727501,20.15489183297325,11.572609167026751
2015-04-22,32.154999,20.185325213382004,11.969673786617992
2015-04-23,32.4175,20.144777221758332,12.272722778241665
2015-04-24,32.57,20.174110260715644,12.395889739284357
2015-04-27,33.162498,20.155445617826995,13.007052382173004
2015-04-28,32.639999,20.172801101619786,12.467197898380217
2015-04-29,32.16,20.185792257505454,11.974207742494542
2015-04-30,31.2875,20.238930698546056,11.048569301453945
2015-05-01,32.237499,20.244592779560772,11.992906220439227
2015-05-04,32.174999,20.25233280840551,11.922666191594491
2015-05-05,31.450001,20.22256385046697,11.227437149533031
2015-05-06,31.252501,20.19259352383543,11.059907476164568
2015-05-07,31.315001,20.193651369086894,11.121349630913105
2015-05-08,31.905001,20.227845284916917,11.677155715083082
2015-05-11,31.58,20.257892068597073,11.322107931402925
2015-05-12,31.467501,20.267827993777967,11.199673006222032
2015-05-13,31.502501,20.291278702044664,11.211222297955334
2015-05-14,32.237499,20.29500090659887,11.94249809340113
2015-05-15,32.192501,20.292234430055675,11.900266569944325
2015-05-18,32.547501,20.301931180717983,12.245569819282014
2015-05-19,32.517502,20.269454416408262,12.248047583591738
2015-05-20,32.514999,20.266525549304983,12.24847345069502
2015-05-21,32.8475,20.282238505690216,12.56526149430978
2015-05-22,33.134998,20.312671886098972,12.822326113901031
2015-05-25,33.134998,20.2721238944753,12.862874105524703
2015-05-26,32.404999,20.30145693343261,12.103542066567385
2015-05-27,33.009998,20.282792290543963,12.72720570945604
2015-05-28,32.945,20.300147774336754,12.644852225663247
2015-05-29,32.57,20.313138930222422,12.256861069777578
2015-06-01,32.634998,20.366277371263024,12.268720628736979
2015-06-02,32.490002,20.37193945227774,12.118062547722257
2015-06-03,32.529999,20.379679481122476,12.15031951887752
2015-06-04,32.34,20.349910523183937,11.990089476816067
2015-06-05,32.162498,20.3199401965524,11.842557803447601
2015-06-08,31.950001,20.32099804180386,11.62900295819614
2015-06-09,31.855,20.355191957633885,11.499808042366116
2015-06-10,32.220001,20.38523874131404,11.834762258685963
2015-06-11,32.147499,20.395174666494935,11.752324333505069
2015-06-12,31.7925,20.418625374761632,11.373874625238368
2015-06-15,31.73,20.422347579315836,11.307652420684164
2015-06-16,31.9,20.419581102772643,11.480418897227356
2015-06-17,31.825001,20.42927785343495,11.39572314656505
2015-06-18,31.969999,20.39680108912523,11.573197910874772
2015-06-19,31.65,20.39387222202195,11.256127777978048
2015-06-22,31.9025,20.409585178407184,11.492914821592816
2015-06-23,31.7575,20.44001855881594,11.31748144118406
2015-06-24,32.0275,20.399470567192267,11.628029432807736
2015-06-25,31.875,20.42880360614958,11.446196393850421
2015-06-26,31.6875,20.41013896326093,11.27736103673907
2015-06-29,31.1325,20.42749444705372,10.705005552946279
2015-06-30,31.3575,20.44048560293939,10.917014397060612
2015-07-01,31.65,20.49362404397999,11.156375956020007
2015-07-02,31.610001,20.499286124994708,11.110714875005293
2015-07-03,31.610001,20.507026153839444,11.102974846160556
2015-07-06,31.5,20.477257195900904,11.022742804099096
2015-07-07,31.422501,20.447286869269366,10.975214130730635
2015-07-08,30.6425,20.44834471452083,10.19415528547917
2015-07-09,30.0175,20.482538630350852,9.534961369649146
2015-07-10,30.82,20.512585414031008,10.307414585968992
2015-07-13,31.415001,20.522521339211902,10.892479660788098
2015-07-14,31.4025,20.5459720474786,10.8565279525214
2015-07-15,31.705,20.549694252032804,11.155305747967194
2015-07-16,32.127499,20.54692777548961,11.58057122451039
2015-07-17,32.404999,20.556624526151918,11.848374473848079
2015-07-20,33.017502,20.524147761842197,12.493354238157803
2015-07-21,32.6875,20.52121889473892,12.166281105261081
2015-07-22,31.305,20.53693185112415,10.768068148875848
2015-07-23,31.290001,20.567365231532907,10.722635768467093
2015-07-24,31.125,20.526817239909235,10.598182760090765
2015-07-27,30.692499,20.556150278866546,10.136348721133455
2015-07-28,30.844999,20.537485635977898,10.307513364022103
2015-07-29,30.747499,20.55484111977069,10.192657880229312
2015-07-30,30.592501,20.567832275656357,10.024668724343641
2015-07-31,30.325001,20.62097071669696,9.704030283303041
2015-08-03,29.610001,20.626632797711675,8.983368202288325
2015-08-04,28.66,20.63437282655641,8.025627173443588
2015-08-05,28.85,20.604603868617872,8.24539613138213
2015-08-06,28.782499,20.574633541986334,8.207865458013668
2015-08-07,28.879999,20.575691387237796,8.304307612762205
2015-08-10,29.93,20.60988530306782,9.32011469693218
2015-08-11,28.372499,20.639932086747976,7.732566913252025
2015-08-12,28.809999,20.64986801192887,8.160130988071131
2015-08-13,28.7875,20.673318720195567,8.114181279804434
2015-08-14,28.99,20.67704092474977,8.312959075250227
2015-08-17,29.290001,20.674274448206578,8.615726551793422
2015-08-18,29.125,20.683971198868885,8.441028801131115
2015-08-19,28.752501,20.651494434559165,8.101006565440834
2015-08-20,28.1625,20.648565567455886,7.513934432544115
2015-08-21,26.440001,20.66427852384112,5.7757224761588795
2015-08-24,25.780001,20.694711904249875,5.085289095750124
2015-08-25,25.934999,20.654163912626203,5.280835087373799
2015-08-26,27.422501,20.683496951583514,6.739004048416486
2015-08-27,28.23,20.664832308694866,7.565167691305135
2015-08-28,28.3225,20.682187792487657,7.640312207512345
2015-08-31,28.190001,20.695178948373325,7.494822051626674
2015-09-01,26.93,20.748317389413927,6.181682610586073
2015-09-02,28.084999,20.753979470428643,7.331019529571357
2015-09-03,27.592501,20.76171949927338,6.830781500726619
2015-09-04,27.317499,20.73195054133484,6.585548458665162
2015-09-07,27.317499,20.7019802147033,6.6155187852967
2015-09-08,28.077499,20.703038059954764,7.3744609400452354
2015-09-09,27.5375,20.737231975784788,6.800268024215214
2015-09-10,28.1425,20.767278759464944,7.375221240535055
2015-09-11,28.5525,20.777214684645838,7.775285315354161
2015-09-14,28.827499,20.800665392912535,8.026833607087465
2015-09-15,29.07,20.80438759746674,8.265612402533261
2015-09-16,29.102501,20.801621120923546,8.300879879076454
2015-09-17,28.48,20.811317871585853,7.668682128414147
2015-09-18,28.362499,20.778841107276133,7.583657892723867
2015-09-21,28.8025,20.775912240172854,8.026587759827144
2015-09-22,28.35,20.791625196558087,7.5583748034419145
2015-09-23,28.58,20.822058576966842,7.757941423033156
2015-09-24,28.75,20.78151058534317,7.96848941465683
2015-09-25,28.6775,20.81084362430048,7.866656375699517
2015-09-28,28.110001,20.792178981411833,7.317822018588167
2015-09-29,27.264999,20.809534465204624,6.455464534795375
2015-09-30,27.575001,20.822525621090293,6.752475378909708
2015-10-01,27.395,20.875664062130895,6.519335937869105
2015-10-02,27.594999,20.88132614314561,6.713672856854391
2015-10-05,27.695,20.889066171990347,6.805933828009653
2015-10-06,27.827499,20.859297214051807,6.968201785948192
2015-10-07,27.695,20.82932688742027,6.8656731125797315
2015-10-08,27.375,20.83038473267173,6.544615267328268
2015-10-09,28.030001,20.864578648501755,7.165422351498243
2015-10-12,27.9,20.89462543218191,7.005374567818087
2015-10-13,27.9475,20.904561357362805,7.042938642637196
2015-10-14,27.5525,20.928012065629503,6.624487934370496
2015-10-15,27.965,20.931734270183707,7.033265729816293
2015-10-16,27.76,20.928967793640513,6.831032206359488
2015-10-19,27.932501,20.93866454430282,6.993836455697178
2015-10-20,28.442499,20.9061877799931,7.536311220006901
2015-10-21,28.440001,20.90325891288982,7.536742087110177
2015-10-22,28.875,20.918971869275055,7.956028130724945
2015-10-23,29.77,20.94940524968381,8.82059475031619
2015-10-26,28.82,20.908857258060138,7.911142741939862
2015-10-27,28.637501,20.93819029701745,7.699310702982551
2015-10-28,29.817499,20.9195256541288,8.8979733458712
2015-10-29,30.1325,20.936881137921592,9.195618862078408
2015-10-30,29.875,20.94987229380726,8.92512770619274
2015-11-02,30.295,21.003010734847862,9.29198926515214
2015-11-03,30.6425,21.008672815862578,9.63382718413742
2015-11-04,30.5,21.016412844707315,9.483587155292685
2015-11-05,30.23,20.986643886768775,9.243356113231226
2015-11-06,30.264999,20.956673560137236,9.308325439862763
2015-11-09,30.1425,20.9577314053887,9.184768594611299
2015-11-10,29.192499,20.991925321218723,8.200573678781279
2015-11-11,29.0275,21.02197210489888,8.005527895101121
2015-11-12,28.93,21.031908030079773,7.898091969920227
2015-11-13,28.084999,21.05535873834647,7.02964026165353
2015-11-16,28.545,21.059080942900675,7.485919057099327
2015-11-17,28.422501,21.05631446635748,7.366186533642519
2015-11-18,29.3225,21.06601121701979,8.256488782980213
2015-11-19,29.695,21.033534452710068,8.661465547289932
2015-11-20,29.825001,21.03060558560679,8.794395414393211
2015-11-23,29.4375,21.046318541992022,8.391181458007978
2015-11-24,29.719999,21.076751922400778,8.643247077599224
2015-11-25,29.5075,21.036203930777106,8.471296069222895
2015-11-26,29.5075,21.065536969734417,8.441963030265583
2015-11-27,29.452499,21.04687232684577,8.40562667315423
2015-11-30,29.575001,21.06422781063856,8.51077318936144
2015-12-01,29.334999,21.077218966524228,8.257780033475772
2015-12-02,29.07,21.13035740756483,7.93964259243517
2015-12-03,28.799999,21.136019488579546,7.663979511420454
2015-12-04,29.7575,21.143759517424282,8.613740482575718
2015-12-07,29.57,21.113990559485742,8.456009440514258
2015-12-08,29.557501,21.084020232854204,8.473480767145794
2015-12-09,28.905001,21.085078078105667,7.819922921894332
2015-12-10,29.0425,21.11927199393569,7.92322800606431
2015-12-11,28.295,21.149318777615846,7.145681222384155
2015-12-14,28.120001,21.15925470279674,6.960746297203258
2015-12-15,27.622499,21.182705411063438,6.439793588936563
2015-12-16,27.834999,21.186427615617642,6.6485713843823575
2015-12-17,27.245001,21.18366113907445,6.06133986092555
2015-12-18,26.5075,21.193357889736756,5.314142110263244
2015-12-21,26.8325,21.160881125427036,5.671618874572964
2015-12-22,26.807501,21.157952258323757,5.6495487416762415
2015-12-23,27.1525,21.17366521470899,5.97883478529101
2015-12-24,27.0075,21.204098595117745,5.803401404882255
2015-12-25,27.0075,21.163550603494073,5.843949396505927
2015-12-28,26.705,21.192883642451385,5.512116357548614
2015-12-29,27.184999,21.174218999562736,6.010780000437265
2015-12-30,26.83,21.191574483355527,5.638425516644471
2015-12-31,26.315001,21.204565639241196,5.110435360758803
2016-01-01,26.315001,21.257704080281798,5.057296919718201
2016-01-04,26.3375,21.263366161296513,5.074133838703485
2016-01-05,25.6775,21.27110619014125,4.4063938098587485
2016-01-06,25.174999,21.24133723220271,3.9336617677972896
2016-01-07,24.112499,21.21136690557117,2.901132094428828
2016-01-08,24.24,21.212424750822635,3.0275752491773638
2016-01-11,24.6325,21.246618666652658,3.385881333347342
2016-01-12,24.99,21.276665450332814,3.7133345496671843
2016-01-13,24.3475,21.28660137551371,3.060898624486292
2016-01-14,24.879999,21.310052083780405,3.569946916219596
2016-01-15,24.282499,21.31377428833461,2.9687247116653914
2016-01-18,24.282499,21.311007811791416,2.971491188208585
2016-01-19,24.165001,21.320704562453724,2.8442964375462765
2016-01-20,24.1975,21.288227798144003,2.909272201855998
2016-01-21,24.075001,21.285298931040725,2.7897020689592757
2016-01-22,25.355,21.301011887425958,4.053988112574043
2016-01-25,24.860001,21.331445267834713,3.5285557321652874
2016-01-26,24.997499,21.29089727621104,3.7066017237889604
2016-01-27,23.355,21.320230315168352,2.034769684831648
2016-01-28,23.522499,21.301565672279704,2.220933327720296
2016-01-29,24.334999,21.318921156072495,3.016077843927505
2016-02-01,24.1075,21.331912311958163,2.7755876880418384
2016-02-02,23.620001,21.385050752998765,2.2349502470012332
2016-02-03,24.0875,21.39071283401348,2.6967871659865175
2016-02-04,24.15,21.398452862858218,2.751547137141781
2016-02-05,23.504999,21.368683904919678,2.136315095080324
2016-02-08,23.752501,21.33871357828814,2.4137874217118593
2016-02-09,23.747499,21.339771423539602,2.407727576460399
2016-02-10,23.567499,21.373965339369626,2.1935336606303757
2016-02-11,23.424999,21.40401212304978,2.020986876950218
2016-02-12,23.497499,21.413948048230676,2.0835509517693254
2016-02-15,23.497499,21.437398756497373,2.060100243502628
2016-02-16,24.16,21.441120961051578,2.7188790389484225
2016-02-17,24.530001,21.438354484508384,3.0916465154916146
2016-02-18,24.065001,21.44805123517069,2.6169497648293074
2016-02-19,24.01,21.41557447086097,2.5944255291390306
2016-02-22,24.219999,21.412645603757692,2.807353396242309
2016-02-23,23.672501,21.428358560142925,2.2441424398570753
2016-02-24,24.025,21.45879194055168,2.566208059448318
2016-02-25,24.190001,21.41824394892801,2.77175705107199
2016-02-26,24.227501,21.44757698788532,2.77992401211468
2016-02-29,24.172501,21.42891234499667,2.743588655003329
2016-03-01,25.1325,21.446267828789463,3.6862321712105377
2016-03-02,25.1875,21.45925898467513,3.728241015324869
2016-03-03,25.375,21.512397425715733,3.862602574284267
2016-03-04,25.752501,21.51805950673045,4.23444149326955
2016-03-07,25.467501,21.525799535575185,3.9417014644248134
2016-03-08,25.2575,21.496030577636645,3.761469422363355
2016-03-09,25.280001,21.466060251005107,3.8139407489948915
2016-03-10,25.2925,21.46711809625657,3.8253819037434305
2016-03-11,25.565001,21.501312012086593,4.063688987913405
2016-03-14,25.629999,21.53135879576675,4.098640204233252
2016-03-15,26.145,21.541294720947644,4.603705279052356
2016-03-16,26.4925,21.56474542921434,4.927754570785659
2016-03-17,26.450001,21.568467633768545,4.881533366231455
2016-03-18,26.48,21.56570115722535,4.914298842774649
2016-03-21,26.477501,21.57539790788766,4.902103092112341
2016-03-22,26.68,21.54292114357794,5.137078856422061
2016-03-23,26.532499,21.53999227647466,4.9925067235253415
2016-03-24,26.4175,21.555705232859893,4.861794767140108
2016-03-25,26.4175,21.58613861326865,4.831361386731352
2016-03-28,26.297501,21.545590621644976,4.751910378355024
2016-03-29,26.92,21.574923660602288,5.345076339397714
2016-03-30,27.389999,21.55625901771364,5.83373998228636
2016-03-31,27.247499,21.57361450150643,5.673884498493571
2016-04-01,27.497499,21.5866056573921,5.910893342607903
2016-04-04,27.780001,21.6397440984327,6.140256901567298
2016-04-05,27.452499,21.645406179447416,5.807092820552583
2016-04-06,27.74,21.653146208292153,6.086853791707846
2016-04-07,27.135,21.623377250353613,5.5116227496463885
2016-04-08,27.165001,21.593406923722075,5.5715940762779255
2016-04-11,27.254999,21.594464768973538,5.660534231026464
2016-04-12,27.610001,21.62865868480356,5.981342315196439
2016-04-13,28.01,21.658705468483717,6.3512945315162845
2016-04-14,28.025,21.66864139366461,6.356358606335387
2016-04-15,27.4625,21.69209210193131,5.77040789806869
2016-04-18,26.870001,21.695814306485513,5.174186693514486
2016-04-19,26.727501,21.69304782994232,5.034453170057681
2016-04-20,26.782499,21.702744580604627,5.079754419395375
2016-04-21,26.4925,21.670267816294906,4.822232183705093
2016-04-22,26.42,21.667338949191628,4.752661050808374
2016-04-25,26.27,21.68305190557686,4.586948094423139
2016-04-26,26.0875,21.713485285985616,4.374014714014383
2016-04-27,24.455,21.672937294361944,2.7820627056380545
2016-04-28,23.7075,21.702270333319255,2.0052296666807443
2016-04-29,23.434999,21.683605690430607,1.7513933095693943
2016-05-02,23.41,21.700961174223398,1.7090388257766023
2016-05-03,23.795,21.713952330109066,2.0810476698909355
2016-05-04,23.547501,21.767090771149668,1.7804102288503323
2016-05-05,23.309999,21.772752852164384,1.5372461478356172
2016-05-06,23.18,21.78049288100912,1.3995071189908792
2016-05-09,23.1975,21.75072392307058,1.446776076929421
2016-05-10,23.355,21.720753596439042,1.634246403560958
2016-05-11,23.127501,21.721811441690505,1.4056895583094935
2016-05-12,22.584999,21.75600535752053,0.828993642479471
2016-05-13,22.629999,21.786052141200685,0.8439468587993169
2016-05-16,23.469999,21.79598806638158,1.6740109336184226
2016-05-17,23.372499,21.819438774648276,1.5530602253517252
2016-05-18,23.639999,21.82316097920248,1.816838020797519
2016-05-19,23.549999,21.820394502659287,1.7296044973407128
2016-05-20,23.805,21.830091253321594,1.9749087466784054
2016-05-23,24.1075,21.797614489011874,2.3098855109881278
2016-05-24,24.475,21.794685621908595,2.6803143780914063
2016-05-25,24.905001,21.810398578293828,3.0946024217061705
2016-05-26,25.102501,21.840831958702584,3.2616690412974165
2016-05-27,25.0875,21.80028396707891,3.287216032921087
2016-05-30,25.0875,21.829617006036223,3.2578829939637757
2016-05-31,24.965,21.810952363147575,3.1540476368524253
2016-06-01,24.615,21.828307846940366,2.786692153059633
2016-06-02,24.43,21.841299002826034,2.588700997173966
2016-06-03,24.48,21.894437443866636,2.5855625561333646
2016-06-06,24.657499,21.90009952488135,2.7573994751186497
2016-06-07,24.7575,21.907839553726088,2.849660446273912
2016-06-08,24.735001,21.87807059578755,2.856930404212452
2016-06-09,24.9125,21.84810026915601,3.0643997308439914
2016-06-10,24.7075,21.849158114407473,2.8583418855925267
2016-06-13,24.334999,21.883352030237496,2.4516469697625034
2016-06-14,24.365,21.913398813917652,2.451601186082346
2016-06-15,24.285,21.923334739098546,2.3616652609014537
2016-06-16,24.387501,21.946785447365244,2.4407155526347566
2016-06-17,23.8325,21.950507651919448,1.8819923480805514
2016-06-20,23.775,21.947741175376255,1.827258824623744
2016-06-21,23.977501,21.957437926038562,2.0200630739614382
2016-06-22,23.887501,21.92496116172884,1.9625398382711587
2016-06-23,24.025,21.922032294625563,2.102967705374436
2016-06-24,23.35,21.937745251010796,1.4122547489892057
2016-06-27,23.01,21.96817863141955,1.0418213685804503
2016-06-28,23.397499,21.92763063979588,1.4698683602041207
2016-06-29,23.6,21.95696367875319,1.6430363212468109
2016-06-30,23.9,21.938299035864542,1.9617009641354564
2016-07-01,23.9725,21.955654519657333,2.016845480342667
2016-07-04,23.9725,21.968645675543,2.0038543244569986
2016-07-05,23.747499,22.021784116583603,1.7257148834163978
2016-07-06,23.8825,22.02744619759832,1.855053802401681
2016-07-07,23.985001,22.035186226443056,1.9498147735569447
2016-07-08,24.17,22.005417268504516,2.1645827314954857
2016-07-11,24.245001,21.975446941872978,2.269554058127021
2016-07-12,24.355,21.97650478712444,2.37849521287556
2016-07-13,24.217501,22.010698702954464,2.2068022970455345
2016-07-14,24.6975,22.04074548663462,2.6567545133653816
2016-07-15,24.695,22.050681411815514,2.644318588184486
2016-07-18,24.9575,22.07413212008221,2.883367879917788
2016-07-19,24.967501,22.077854324636416,2.8896466753635828
2016-07-20,24.99,22.075087848093222,2.914912151906776
2016-07-21,24.8575,22.08478459875553,2.772715401244472
2016-07-22,24.665001,22.05230783444581,2.612693165554191
2016-07-25,24.334999,22.04937896734253,2.2856200326574694
2016-07-26,24.1675,22.065091923727763,2.102408076272237
2016-07-27,25.737499,22.09552530413652,3.6419736958634807
2016-07-28,26.084999,22.054977312512847,4.030021687487153
2016-07-29,26.0525,22.084310351470158,3.9681896485298402
2016-08-01,26.512501,22.06564570858151,4.4468552914184905
2016-08-02,26.120001,22.0830011923743,4.036999807625698
2016-08-03,26.4475,22.09599234825997,4.351507651740032
2016-08-04,26.467501,22.14913078930057,4.3183702106994275
2016-08-05,26.870001,22.154792870315287,4.7152081296847115
2016-08-08,27.092501,22.162532899160023,4.929968100839975
2016-08-09,27.202499,22.132763941221484,5.069735058778516
2016-08-10,27.0,22.102793614589945,4.897206385410055
2016-08-11,26.9825,22.103851459841408,4.8786485401585935
2016-08-12,27.045,22.13804537567143,4.90695462432857
2016-08-15,27.370001,22.168092159351588,5.201908840648411
2016-08-16,27.344999,22.17802808453248,5.16697091546752
2016-08-17,27.305,22.20147879279918,5.103521207200821
2016-08-18,27.27,22.205200997353383,5.064799002646616
2016-08-19,27.34,22.20243452081019,5.13756547918981
2016-08-22,27.127501,22.212131271472497,4.9153697285275015
2016-08-23,27.2125,22.179654507162777,5.032845492837222
2016-08-24,27.0075,22.176725640059498,4.830774359940502
2016-08-25,26.8925,22.19243859644473,4.700061403555267
2016-08-26,26.735001,22.222871976853487,4.512129023146514
2016-08-29,26.705,22.182323985229814,4.522676014770184
2016-08-30,26.5,22.211657024187126,4.288342975812874
2016-08-31,26.525,22.192992381298478,4.332007618701521
2016-09-01,26.682501,22.21034786509127,4.47215313490873
2016-09-02,26.932501,22.223339020976937,4.709161979023062
2016-09-05,26.932501,22.27647746201754,4.65602353798246
2016-09-06,26.924999,22.282139543032255,4.642859456967745
2016-09-07,27.09,22.28987957187699,4.800120428123009
2016-09-08,26.379999,22.26011061393845,4.11988838606155
2016-09-09,25.782499,22.230140287306913,3.5523587126930884
2016-09-12,26.360001,22.231198132558376,4.128802867441625
2016-09-13,26.987499,22.2653920483884,4.7221069516116
2016-09-14,27.942499,22.295438832068555,5.647060167931446
2016-09-15,28.8925,22.30537475724945,6.587125242750549
2016-09-16,28.73,22.328825465516147,6.401174534483854
2016-09-19,28.395,22.33254767007035,6.062452329929648
2016-09-20,28.3925,22.329781193527158,6.062718806472841
2016-09-21,28.387501,22.339477944189465,6.0480230558105355
2016-09-22,28.655001,22.307001179879745,6.347999820120254
2016-09-23,28.1775,22.304072312776466,5.873427687223533
2016-09-26,28.219999,22.3197852691617,5.900213730838303
2016-09-27,28.272499,22.350218649570454,5.922280350429546
2016-09-28,28.487499,22.309670657946782,6.177828342053218
2016-09-29,28.045,22.339003696904093,5.705996303095908
2016-09-30,28.262501,22.320339054015445,5.942161945984555
2016-10-03,28.129999,22.337694537808236,5.792304462191765
2016-10-04,28.25,22.350685693693904,5.8993143063060955
2016-10-05,28.262501,22.403824134734506,5.858676865265494
2016-10-06,28.4725,22.409486215749222,6.063013784250778
2016-10-07,28.514999,22.41722624459396,6.097772755406041
2016-10-10,29.012501,22.38745728665542,6.625043713344581
2016-10-11,29.075001,22.35748696002388,6.71751403997612
2016-10-12,29.334999,22.358544805275343,6.976454194724656
2016-10-13,29.245001,22.392738721105367,6.8522622788946315
2016-10-14,29.407499,22.422785504785523,6.9847134952144785
2016-10-17,29.387501,22.432721429966417,6.954779570033583
2016-10-18,29.3675,22.456172138233114,6.911327861766885
2016-10-19,29.280001,22.45989434278732,6.82010665721268
2016-10-20,29.264999,22.457127866244125,6.807871133755874
2016-10-21,29.15,22.466824616906433,6.683175383093566
2016-10-24,29.4125,22.434347852596712,6.978152147403289
2016-10-25,29.5625,22.431418985493433,7.131081014506567
2016-10-26,28.897499,22.447131941878666,6.4503670581213335
2016-10-27,28.620001,22.477565322287422,6.142435677712577
2016-10-28,28.43,22.43701733066375,5.99298266933625
2016-10-31,28.385,22.46635036962106,5.91864963037894
2016-11-01,27.872499,22.447685726732413,5.424813273267588
2016-11-02,27.897499,22.465041210525204,5.432457789474796
2016-11-03,27.4575,22.478032366410872,4.9794676335891275
2016-11-04,27.209999,22.531170807451474,4.678828192548526
2016-11-07,27.602501,22.53683288846619,5.06566811153381
2016-11-08,27.764999,22.544572917310926,5.220426082689073
2016-11-09,27.719999,22.514803959372387,5.205195040627615
2016-11-10,26.9475,22.48483363274085,4.462666367259153
2016-11-11,27.1075,22.48589147799231,4.621608522007691
2016-11-14,26.4275,22.520085393822335,3.907414606177664
2016-11-15,26.7775,22.55013217750249,4.227367822497509
2016-11-16,27.497499,22.560068102683385,4.9374308973166166
2016-11-17,27.487499,22.583518810950082,4.903980189049918
2016-11-18,27.514999,22.587241015504286,4.927757984495713
2016-11-21,27.932501,22.584474538961093,5.348026461038906
2016-11-22,27.950001,22.5941712896234,5.3558297103766
2016-11-23,27.807501,22.56169452531368,5.245806474686319
2016-11-24,27.807501,22.5587656582104,5.248735341789597
2016-11-25,27.9475,22.574478614595634,5.373021385404368
2016-11-28,27.8925,22.60491199500439,5.287588004995609
2016-11-29,27.865,22.564364003380717,5.300635996619281
2016-11-30,27.629999,22.59369704233803,5.036301957661973
2016-12-01,27.372499,22.57503239944938,4.797466600550621
2016-12-02,27.475,22.59238788324217,4.88261211675783
2016-12-05,27.2775,22.60537903912784,4.67212096087216
2016-12-06,27.487499,22.65851748016844,4.828981519831558
2016-12-07,27.7575,22.664179561183158,5.093320438816843
2016-12-08,28.030001,22.671919590027894,5.358081409972105
2016-12-09,28.487499,22.642150632089354,5.8453483679106455
2016-12-12,28.325001,22.612180305457816,5.712820694542184
2016-12-13,28.797501,22.61323815070928,6.184262849290722
2016-12-14,28.797501,22.647432066539302,6.150068933460698
2016-12-15,28.955,22.677478850219458,6.27752114978054
2016-12-16,28.9925,22.687414775400352,6.305085224599647
2016-12-19,29.16,22.71086548366705,6.4491345163329505
2016-12-20,29.237499,22.714587688221254,6.522911311778746
2016-12-21,29.264999,22.71182121167806,6.553177788321939
2016-12-22,29.0725,22.721517962340368,6.350982037659634
2016-12-23,29.129999,22.689041198030647,6.440957801969354
2016-12-26,29.129999,22.68611233092737,6.443886669072633
2016-12-27,29.315001,22.7018252873126,6.613175712687397
2016-12-28,29.190001,22.732258667721357,6.457742332278642
2016-12-29,29.182501,22.691710676097685,6.4907903239023135
2016-12-30,28.955,22.721043715054996,6.233956284945002
2017-01-02,28.955,22.702379072166348,6.25262092783365
2017-01-03,29.0375,22.71973455595914,6.317765444040862
2017-01-04,29.004999,22.732725711844807,6.272273288155194
2017-01-05,29.1525,22.78586415288541,6.3666358471145905
2017-01-06,29.477501,22.791526233900125,6.685974766099875
2017-01-09,29.747499,22.79926626274486,6.94823273725514
2017-01-10,29.7775,22.769497304806322,7.008002695193678
2017-01-11,29.9375,22.739526978174784,7.1979730218252165
2017-01-12,29.8125,22.740584823426246,7.071915176573754
2017-01-13,29.76,22.77477873925627,6.985221260743732
2017-01-16,29.76,22.804825522936426,6.955174477063576
2017-01-17,30.0,22.81476144811732,7.18523855188268
2017-01-18,29.997499,22.838212156384017,7.159286843615984
2017-01-19,29.945,22.84193436093822,7.103065639061779
2017-01-20,30.0,22.839167884395028,7.160832115604972
2017-01-23,30.02,22.848864635057335,7.171135364942664
2017-01-24,29.9925,22.816387870747615,7.176112129252385
2017-01-25,30.469999,22.813459003644336,7.656539996355665
2017-01-26,30.485001,22.82917196002957,7.655829039970431
2017-01-27,30.487499,22.859605340438325,7.627893659561675
2017-01-30,30.407499,22.819057348814653,7.588441651185349
2017-01-31,30.3375,22.848390387771964,7.4891096122280345
2017-02-01,32.1875,22.829725744883316,9.357774255116684
2017-02-02,32.1325,22.847081228676107,9.285418771323894
2017-02-03,32.27,22.860072384561775,9.409927615438228
2017-02-06,32.572498,22.913210825602377,9.659287174397626
2017-02-07,32.8825,22.918872906617093,9.963627093382907
2017-02-08,33.009998,22.92661293546183,10.083385064538174
2017-02-09,33.105,22.89684397752329,10.208156022476707
2017-02-10,33.029999,22.86687365089175,10.163125349108245
2017-02-13,33.322498,22.867931496143214,10.454566503856789
2017-02-14,33.755001,22.902125411973238,10.852875588026762
2017-02-15,33.877499,22.932172195653393,10.945326804346607
2017-02-16,33.837502,22.942108120834288,10.895393879165713
2017-02-17,33.93,22.965558829100985,10.964441170899015
2017-02-20,33.93,22.96928103365519,10.96071896634481
2017-02-21,34.174999,22.966514557111996,11.208484442888004
2017-02-22,34.2775,22.976211307774303,11.3012886922257
2017-02-23,34.1325,22.943734543464583,11.188765456535418
2017-02-24,34.165001,22.940805676361304,11.224195323638693
2017-02-27,34.232498,22.956518632746537,11.275979367253463
2017-02-28,34.247501,22.986952013155292,11.260548986844707
2017-03-01,34.947498,22.94640402153162,12.001093978468383
2017-03-02,34.740002,22.97573706048893,11.764264939511065
2017-03-03,34.945,22.957072417600283,11.987927582399717
2017-03-06,34.834999,22.974427901393074,11.860571098606929
2017-03-07,34.880001,22.987419057278743,11.892581942721257
2017-03-08,34.75,23.040557498319345,11.709442501680655
2017-03-09,34.669998,23.04621957933406,11.62377842066594
2017-03-10,34.785,23.053959608178797,11.7310403918212
2017-03-13,34.799999,23.024190650240257,11.775808349759743
2017-03-14,34.747501,22.99422032360872,11.753280676391281
2017-03-15,35.115002,22.99527816886018,12.119723831139815
2017-03-16,35.172501,23.029472084690205,12.143028915309792
2017-03-17,34.997501,23.05951886837036,11.937982131629639
2017-03-20,35.365002,23.069454793551255,12.295547206448742
2017-03-21,34.959999,23.092905501817953,11.86709349818205
2017-03-22,35.355,23.096627706372157,12.25837229362784
2017-03-23,35.23,23.093861229828963,12.136138770171033
2017-03-24,35.16,23.10355798049127,12.056442019508726
2017-03-27,35.220001,23.07108121618155,12.148919783818453
2017-03-28,35.950001,23.06815234907827,12.881848650921729
2017-03-29,36.029999,23.083865305463505,12.946133694536492
2017-03-30,35.982498,23.11429868587226,12.86819931412774
2017-03-31,35.915001,23.073750694248588,12.841250305751409
2017-04-03,35.924999,23.1030837332059,12.8219152667941
2017-04-04,36.192501,23.08441909031725,13.108081909682749
2017-04-05,36.005001,23.101774574110042,12.903226425889958
2017-04-06,35.915001,23.11476572999571,12.800235270004286
2017-04-07,35.834999,23.167904171036312,12.667094828963691
2017-04-10,35.7925,23.173566252051028,12.618933747948969
2017-04-11,35.407501,23.181306280895765,12.226194719104239
2017-04-12,35.450001,23.151537322957225,12.298463677042776
2017-04-13,35.262501,23.121566996325686,12.140934003674314
2017-04-14,35.262501,23.12262484157715,12.139876158422851
2017-04-17,35.4575,23.156818757407173,12.30068124259283
2017-04-18,35.299999,23.18686554108733,12.113133458912671
2017-04-19,35.169998,23.196801466268223,11.973196533731777
2017-04-20,35.610001,23.22025217453492,12.389748825465077
2017-04-21,35.567501,23.223974379089125,12.343526620910875
2017-04-24,35.91,23.22120790254593,12.688792097454066
2017-04-25,36.1325,23.23090465320824,12.901595346791762
2017-04-26,35.919998,23.198427888898518,12.721570111101482
2017-04-27,35.947498,23.19549902179524,12.751998978204764
2017-04-28,35.912498,23.211211978180472,12.701286021819527
2017-05-01,36.645,23.241645358589228,13.403354641410775
2017-05-02,36.877499,23.201097366965556,13.676401633034445
2017-05-03,36.764999,23.230430405922867,13.534568594077136
2017-05-04,36.6325,23.21176576303422,13.420734236965782
2017-05-05,37.240002,23.22912124682701,14.010880753172987
2017-05-08,38.252499,23.242112402712678,15.010386597287322
2017-05-09,38.497501,23.29525084375328,15.20225015624672
2017-05-10,38.314999,23.300912924767996,15.014086075232004
2017-05-11,38.487499,23.308652953612732,15.178846046387267
2017-05-12,39.025002,23.278883995674192,15.746118004325808
2017-05-15,38.924999,23.248913669042654,15.676085330957346
2017-05-16,38.8675,23.249971514294117,15.617528485705883
2017-05-17,37.5625,23.28416543012414,14.27833456987586
2017-05-18,38.134998,23.314212213804296,14.820785786195707
2017-05-19,38.264999,23.32414813898519,14.940850861014813
2017-05-22,38.497501,23.347598847251888,15.149902152748112
2017-05-23,38.450001,23.351321051806092,15.098679948193908
2017-05-24,38.334999,23.3485545752629,14.986444424737105
2017-05-25,38.467499,23.358251325925206,15.10924767407479
2017-05-26,38.4025,23.325774561615486,15.076725438384518
2017-05-29,38.4025,23.322845694512207,15.079654305487797
2017-05-30,38.4175,23.33855865089744,15.078941349102557
2017-05-31,38.189999,23.368992031306195,14.821006968693805
2017-06-01,38.294998,23.328444039682523,14.966553960317476
2017-06-02,38.862499,23.357777078639835,15.504721921360165
2017-06-05,38.482498,23.339112435751186,15.143385564248813
2017-06-06,38.612499,23.356467919543977,15.256031080456022
2017-06-07,38.842499,23.369459075429646,15.473039924570351
2017-06-08,38.747501,23.422597516470248,15.324903483529752
2017-06-09,37.244999,23.428259597484963,13.816739402515037
2017-06-12,36.355,23.4359996263297,12.919000373670297
2017-06-13,36.647499,23.40623066839116,13.241268331608843
2017-06-14,36.290001,23.37626034175962,12.913740658240375
2017-06-15,36.072498,23.377318187011085,12.695179812988918
2017-06-16,35.567501,23.411512102841108,12.155988897158892
2017-06-19,36.584999,23.441558886521264,13.14344011347874
2017-06-20,36.252499,23.451494811702158,12.801004188297842
2017-06-21,36.467499,23.474945519968855,12.992553480031141
2017-06-22,36.407501,23.47866772452306,12.928833275476943
2017-06-23,36.57,23.475901247979866,13.094098752020134
2017-06-26,36.455002,23.485597998642174,12.969404001357827
2017-06-27,35.932499,23.453121234332453,12.479377765667547
2017-06-28,36.4575,23.450192367229175,13.007307632770829
2017-06-29,35.919998,23.465905323614408,12.454092676385592
2017-06-30,36.005001,23.496338704023163,12.508662295976837
2017-07-03,35.875,23.45579071239949,12.41920928760051
2017-07-04,35.875,23.485123751356802,12.389876248643198
2017-07-05,36.022499,23.466459108468154,12.55603989153185
2017-07-06,35.682499,23.483814592260945,12.198684407739055
2017-07-07,36.044998,23.496805748146613,12.548192251853386
2017-07-10,36.264999,23.549944189187215,12.715054810812788
2017-07-11,36.3825,23.55560627020193,12.82689372979807
2017-07-12,36.435001,23.563346299046668,12.871654700953332
2017-07-13,36.942501,23.533577341108128,13.408923658891872
2017-07-14,37.259998,23.50360701447659,13.756390985523414
2017-07-17,37.389999,23.504664859728052,13.88533414027195
2017-07-18,37.52,23.538858775558076,13.981141224441927
2017-07-19,37.755001,23.56890555923823,14.186095440761768
2017-07-20,37.584999,23.578841484419126,14.006157515580878
2017-07-21,37.567501,23.602292192685823,13.965208807314177
2017-07-24,38.022499,23.606014397240028,14.416484602759976
2017-07-25,38.185001,23.603247920696834,14.581753079303166
2017-07-26,38.365002,23.61294467135914,14.752057328640856
2017-07-27,37.639999,23.58046790704942,14.059531092950582
2017-07-28,37.375,23.577539039946142,13.797460960053858
2017-07-31,37.182499,23.593251996331375,13.589247003668625
2017-08-01,37.512501,23.62368537674013,13.88881562325987
2017-08-02,39.285,23.58313738511646,15.701862614883538
2017-08-03,38.892502,23.61247042407377,15.28003157592623
2017-08-04,39.0975,23.59380578118512,15.503694218814875
2017-08-07,39.702499,23.611161264977913,16.09133773502209
2017-08-08,40.02,23.62415242086358,16.395847579136422
2017-08-09,40.264999,23.677290861904183,16.58770813809582
2017-08-10,38.830002,23.6829529429189,15.147049057081102
2017-08-11,39.369999,23.690692971763635,15.679306028236365
2017-08-14,39.962502,23.660924013825095,16.301577986174905
2017-08-15,40.400002,23.630953687193557,16.769048312806444
2017-08-16,40.237499,23.63201153244502,16.60548746755498
2017-08-17,39.465,23.666205448275043,15.79879455172496
2017-08-18,39.375,23.6962522319552,15.6787477680448
2017-08-21,39.302502,23.706188157136094,15.596313842863903
2017-08-22,39.945,23.72963886540279,16.21536113459721
2017-08-23,39.994999,23.733361069956995,16.261637930043005
2017-08-24,39.817501,23.7305945934138,16.0869064065862
2017-08-25,39.965,23.74029134407611,16.224708655923894
2017-08-28,40.3675,23.70781457976639,16.65968542023361
2017-08-29,40.727501,23.70488571266311,17.022615287336887
2017-08-30,40.837502,23.720598669048343,17.116903330951658
2017-08-31,41.0,23.7510320494571,17.2489679505429
2017-09-01,41.012501,23.710484057833426,17.302016942166574
2017-09-04,41.012501,23.739817096790738,17.272683903209263
2017-09-05,40.52,23.72115245390209,16.798847546097914
2017-09-06,40.477501,23.73850793769488,16.738993062305116
2017-09-07,40.314999,23.75149909358055,16.56349990641945
2017-09-08,39.657501,23.80463753462115,15.852863465378853
2017-09-11,40.375,23.810299615635866,16.564700384364134
2017-09-12,40.215,23.818039644480603,16.3969603555194
2017-09-13,39.912498,23.788270686542063,16.124227313457936
2017-09-14,39.57,23.758300359910525,15.811699640089476
2017-09-15,39.970001,23.759358205161988,16.210642794838016
2017-09-18,39.6675,23.79355212099201,15.873947879007986
2017-09-19,39.682499,23.823598904672167,15.858900095327833
2017-09-20,39.017502,23.83353482985306,15.18396717014694
2017-09-21,38.3475,23.85698553811976,14.490514461880238
2017-09-22,37.9725,23.860707742673963,14.111792257326034
2017-09-25,37.637501,23.85794126613077,13.779559733869231
2017-09-26,38.285,23.867638016793077,14.41736198320692
2017-09-27,38.557499,23.835161252483356,14.722337747516644
2017-09-28,38.32,23.832232385380077,14.487767614619923
2017-09-29,38.529999,23.84794534176531,14.682053658234686
2017-10-02,38.452499,23.878378722174066,14.574120277825937
2017-10-03,38.619999,23.837830730550394,14.782168269449606
2017-10-04,38.369999,23.867163769507705,14.502835230492295
2017-10-05,38.8475,23.848499126619057,14.99900087338094
2017-10-06,38.825001,23.865854610411848,14.959146389588152
2017-10-09,38.959999,23.878845766297516,15.081153233702487
2017-10-10,38.974998,23.931984207338118,15.043013792661881
2017-10-11,39.137501,23.937646288352834,15.199854711647166
2017-10-12,39.0,23.94538631719757,15.05461368280243
2017-10-13,39.247501,23.91561735925903,15.331883640740969
2017-10-16,39.970001,23.885647032627492,16.08435396737251
2017-10-17,40.1175,23.886704877878955,16.230795122121044
2017-10-18,39.939999,23.92089879370898,16.01910020629102
2017-10-19,38.994999,23.950945577389135,15.044053422610865
2017-10-20,39.0625,23.96088150257003,15.101618497429971
2017-10-23,39.0425,23.984332210836726,15.05816778916327
2017-10-24,39.275002,23.98805441539093,15.28694758460907
2017-10-25,39.102501,23.985287938847737,15.11721306115226
2017-10-26,39.352501,23.994984689510044,15.357516310489952
2017-10-27,40.762501,23.962507925200324,16.799993074799676
2017-10-30,41.68,23.959579058097045,17.720420941902955
2017-10-31,42.259998,23.975292014482278,18.284705985517725
2017-11-01,41.7225,24.005725394891034,17.716774605108963
2017-11-02,42.0275,23.96517740326736,18.062322596732642
2017-11-03,43.125,23.994510442224673,19.130489557775327
2017-11-06,43.5625,23.975845799336025,19.586654200663975
2017-11-07,43.702499,23.993201283128816,19.709297716871188
2017-11-08,44.060001,24.006192439014484,20.053808560985516
2017-11-09,43.970001,24.059330880055086,19.910670119944918
2017-11-10,43.6675,24.0649929610698,19.602507038930195
2017-11-13,43.4925,24.072732989914538,19.41976701008546
2017-11-14,42.834999,24.042964031976,18.792034968024005
2017-11-15,42.27,24.01299370534446,18.257006294655543
2017-11-16,42.775002,24.014051550595923,18.760950449404078
2017-11-17,42.537498,24.048245466425946,18.489252533574053
2017-11-20,42.494999,24.078292250106102,18.416706749893898
2017-11-21,43.285,24.088228175286996,19.196771824713
2017-11-22,43.740002,24.111678883553694,19.628323116446303
2017-11-23,43.740002,24.115401088107898,19.6246009118921
2017-11-24,43.7425,24.112634611564705,19.629865388435295
2017-11-27,43.522499,24.122331362227012,19.40016763777299
2017-11-28,43.267502,24.08985459791729,19.17764740208271
2017-11-29,42.369999,24.086925730814013,18.283073269185987
2017-11-30,42.962502,24.102638687199246,18.859863312800755
2017-12-01,42.762501,24.133072067608,18.629428932392
2017-12-04,42.450001,24.09252407598433,18.35747692401567
2017-12-05,42.41,24.12185711494164,18.288142885058356
2017-12-06,42.252499,24.103192472052992,18.149306527947008
2017-12-07,42.330002,24.120547955845783,18.209454044154217
2017-12-08,42.342499,24.13353911173145,18.208959888268545
2017-12-11,43.1675,24.186677552772053,18.980822447227943
2017-12-12,42.924999,24.19233963378677,18.73265936621323
2017-12-13,43.067501,24.200079662631506,18.867421337368494
2017-12-14,43.055,24.170310704692966,18.884689295307034
2017-12-15,43.4925,24.140340378061428,19.352159621938572
2017-12-18,44.105,24.14139822331289,19.963601776687106
2017-12-19,43.634998,24.175592139142914,19.45940586085709
2017-12-20,43.587502,24.20563892282307,19.38186307717693
2017-12-21,43.752499,24.215574848003964,19.536924151996036
2017-12-22,43.752499,24.23902555627066,19.51347344372934
2017-12-25,43.752499,24.242747760824866,19.509751239175134
2017-12-26,42.642502,24.239981284281672,18.402520715718328
2017-12-27,42.650002,24.24967803494398,18.40032396505602
2017-12-28,42.77,24.21720127063426,18.552798729365744
2017-12-29,42.307499,24.21427240353098,18.09322659646902
2018-01-01,42.307499,24.229985359916213,18.077513640083787
2018-01-02,43.064999,24.26041874032497,18.80458025967503
2018-01-03,43.057499,24.219870748701297,18.837628251298703
2018-01-04,43.2575,24.249203787658608,19.008296212341392
2018-01-05,43.75,24.23053914476996,19.51946085523004
2018-01-08,43.587502,24.24789462856275,19.33960737143725
2018-01-09,43.5825,24.26088578444842,19.321614215551584
2018-01-10,43.572498,24.31402422548902,19.258473774510982
2018-01-11,43.82,24.319686306503737,19.500313693496263
2018-01-12,44.272499,24.327426335348473,19.94507266465153
2018-01-15,44.272499,24.297657377409934,19.97484162259007
2018-01-16,44.047501,24.267687050778395,19.7798139492216
2018-01-17,44.775002,24.268744896029858,20.506257103970142
2018-01-18,44.814999,24.30293881185988,20.51206018814012
2018-01-19,44.615002,24.332985595540038,20.28201640445996
2018-01-22,44.25,24.34292152072093,19.90707847927907
2018-01-23,44.259998,24.36637222898763,19.893625771012374
2018-01-24,43.555,24.370094433541833,19.184905566458166
2018-01-25,42.7775,24.36732795699864,18.410172043001364
2018-01-26,42.877499,24.377024707660947,18.500474292339053
2018-01-29,41.990002,24.344547943351227,17.64545405664877
2018-01-30,41.7425,24.341619076247948,17.40088092375205
2018-01-31,41.857498,24.35733203263318,17.50016596736682
2018-02-01,41.945,24.387765413041937,17.557234586958064
2018-02-02,40.125,24.347217421418264,15.777782578581736
2018-02-05,39.122501,24.376550460375576,14.745950539624424
2018-02-06,40.7575,24.357885817486927,16.399614182513073
2018-02-07,39.884998,24.37524130127972,15.509756698720285
2018-02-08,38.787498,24.388232457165387,14.399265542834613
2018-02-09,39.102501,24.44137089820599,14.661130101794008
2018-02-12,40.677502,24.447032979220705,16.230469020779292
2018-02-13,41.084999,24.45477300806544,16.630225991934562
2018-02-14,41.842499,24.4250040501269,17.417494949873095
2018-02-15,43.247501,24.395033723495363,18.852467276504637
2018-02-16,43.107498,24.396091568746826,18.711406431253174
2018-02-19,43.107498,24.43028548457685,18.67721251542315
2018-02-20,42.962502,24.460332268257005,18.502169731742995
2018-02-21,42.767502,24.4702681934379,18.2972338065621
2018-02-22,43.125,24.493718901704597,18.631281098295403
2018-02-23,43.875,24.4974411062588,19.3775588937412
2018-02-26,44.7425,24.494674629715607,20.247825370284392
2018-02-27,44.5975,24.504371380377915,20.09312861962208
2018-02-28,44.529999,24.471894616068194,20.058104383931802
2018-03-01,43.75,24.468965748964916,19.281034251035084
2018-03-02,44.052502,24.48467870535015,19.56782329464985
2018-03-05,44.205002,24.515112085758904,19.689889914241096
2018-03-06,44.1675,24.474564094135232,19.692935905864765
2018-03-07,43.7575,24.503897133092543,19.253602866907457
2018-03-08,44.235001,24.485232490203895,19.7497685097961
2018-03-09,44.994999,24.502587973996686,20.492411026003314
2018-03-12,45.43,24.515579129882354,20.914420870117645
2018-03-13,44.9925,24.568717570922956,20.423782429077043
2018-03-14,44.610001,24.574379651937672,20.035621348062325
2018-03-15,44.662498,24.58211968078241,20.08037831921759
2018-03-16,44.505001,24.55235072284387,19.95265027715613
2018-03-19,43.825001,24.52238039621233,19.30262060378767
2018-03-20,43.810001,24.523438241463793,19.286562758536206
2018-03-21,42.817501,24.557632157293817,18.259868842706183
2018-03-22,42.212502,24.587678940973973,17.624823059026028
2018-03-23,41.235001,24.597614866154867,16.63738613384513
2018-03-26,43.192501,24.621065574421564,18.571435425578436
2018-03-27,42.084999,24.62478777897577,17.460211221024235
2018-03-28,41.619999,24.622021302432575,16.997977697567425
2018-03-29,41.945,24.631718053094882,17.313281946905118
2018-03-30,41.945,24.599241288785162,17.345758711214838
2018-04-02,41.669998,24.596312421681883,17.073685578318116
2018-04-03,42.0975,24.612025378067116,17.48547462193288
2018-04-04,42.9025,24.642458758475872,18.26004124152413
2018-04-05,43.200001,24.6019107668522,18.5980902331478
2018-04-06,42.095001,24.63124380580951,17.463757194190492
2018-04-09,42.512501,24.612579162920863,17.899921837079138
2018-04-10,43.3125,24.629934646713654,18.682565353286346
2018-04-11,43.110001,24.642925802599322,18.467075197400675
2018-04-12,43.535,24.696064243639924,18.838935756360073
2018-04-13,43.682499,24.70172632465464,18.98077267534536
2018-04-16,43.955002,24.709466353499376,19.245535646500624
2018-04-17,44.560001,24.679697395560837,19.880303604439163
2018-04-18,44.459999,24.649727068929298,19.810271931070705
2018-04-19,43.200001,24.65078491418076,18.54921608581924
2018-04-20,41.43,24.684978830010785,16.745021169989215
2018-04-23,41.310001,24.71502561369094,16.59497538630906
2018-04-24,40.735001,24.724961538871835,16.010039461128162
2018-04-25,40.912498,24.748412247138532,16.164085752861467
2018-04-26,41.055,24.752134451692736,16.302865548307263
2018-04-27,40.580002,24.749367975149543,15.830634024850458
2018-04-30,41.314999,24.75906472581185,16.55593427418815
2018-05-01,42.275002,24.72658796150213,17.54841403849787
2018-05-02,44.142502,24.72365909439885,19.41884290560115
2018-05-03,44.2225,24.739372050784084,19.483127949215913
2018-05-04,45.9575,24.76980543119284,21.187694568807164
2018-05-07,46.290001,24.729257439569167,21.56074356043083
2018-05-08,46.512501,24.75859047852648,21.75391052147352
2018-05-09,46.84,24.73992583563783,22.100074164362173
2018-05-10,47.509998,24.75728131943062,22.75271668056938
2018-05-11,47.147499,24.77027247531629,22.377226524683714
2018-05-14,47.037498,24.82341091635689,22.214087083643108
2018-05-15,46.610001,24.829072997371608,21.78092800262839
2018-05-16,47.044998,24.836813026216344,22.208184973783656
2018-05-17,46.747501,24.807044068277804,21.940456931722196
2018-05-18,46.577499,24.777073741646266,21.800425258353737
2018-05-21,46.907501,24.77813158689773,22.129369413102275
2018-05-22,46.790001,24.812325502727752,21.977675497272244
2018-05-23,47.09,24.842372286407908,22.247627713592095
2018-05-24,47.037498,24.852308211588802,22.185189788411197
2018-05-25,47.145,24.8757589198555,22.269241080144504
2018-05-28,47.145,24.879481124409704,22.2655188755903
2018-05-29,46.974998,24.87671464786651,22.09828335213349
2018-05-30,46.875,24.886411398528818,21.988588601471182
2018-05-31,46.717499,24.853934634219097,21.8635643657809
2018-06-01,47.560001,24.85100576711582,22.70899523288418
2018-06-04,47.9575,24.86671872350105,23.09078127649895
2018-06-05,48.327499,24.897152103909807,23.430346896090196
2018-06-06,48.494999,24.856604112286135,23.638394887713865
2018-06-07,48.365002,24.885937151243446,23.47906484875655
2018-06-08,47.924999,24.867272508354798,23.0577264916452
2018-06-11,47.807499,24.88462799214759,22.92287100785241
2018-06-12,48.07,24.897619148033257,23.172380851966743
2018-06-13,47.674999,24.95075758907386,22.72424141092614
2018-06-14,47.700001,24.956419670088575,22.743581329911425
2018-06-15,47.209999,24.96415969893331,22.24583930106669
2018-06-18,47.185001,24.934390740994772,22.250610259005228
2018-06-19,46.422501,24.904420414363234,21.518080585636763
2018-06-20,46.625,24.905478259614696,21.719521740385304
2018-06-21,46.365002,24.93967217544472,21.425329824555277
2018-06-22,46.23,24.969718959124876,21.26028104087512
2018-06-25,45.5425,24.97965488430577,20.562845115694227
2018-06-26,46.107498,25.003105592572467,21.104392407427532
2018-06-27,46.040001,25.00682779712667,21.033173202873325
2018-06-28,46.375,25.004061320583478,21.370938679416522
2018-06-29,46.2775,25.013758071245785,21.263741928754218
2018-07-02,46.794998,24.981281306936065,21.813716693063935
2018-07-03,45.98,24.978352439832786,21.00164756016721
2018-07-04,45.98,24.99406539621802,20.985934603781978
2018-07-05,46.349998,25.024498776626775,21.325499223373225
2018-07-06,46.9925,24.983950785003103,22.008549214996897
2018-07-09,47.645,25.013283823960414,22.63171617603959
2018-07-10,47.587502,24.994619181071766,22.592882818928235
2018-07-11,46.970001,25.011974664864557,21.958026335135447
2018-07-12,47.7575,25.024965820750225,22.732534179249775
2018-07-13,47.8325,25.078104261790827,22.754395738209176
2018-07-16,47.727501,25.083766342805543,22.643734657194454
2018-07-17,47.862499,25.09150637165028,22.77099262834972
2018-07-18,47.599998,25.06173741371174,22.53826058628826
2018-07-19,47.970001,25.0317670870802,22.938233912919802
2018-07-20,47.860001,25.032824932331664,22.827176067668333
2018-07-23,47.9025,25.067018848161688,22.835481151838316
2018-07-24,48.25,25.097065631841843,23.152934368158157
2018-07-25,48.705002,25.107001557022738,23.598000442977263
2018-07-26,48.552502,25.130452265289435,23.422049734710562
2018-07-27,47.744999,25.13417446984364,22.61082453015636
2018-07-30,47.477501,25.131407993300446,22.34609300669955
2018-07-31,47.572498,25.141104743962753,22.43139325603725
2018-08-01,50.375,25.108627979653033,25.266372020346967
2018-08-02,51.8475,25.105699112549754,26.741800887450243
2018-08-03,51.997501,25.121412068934987,26.876088931065013
2018-08-06,52.267502,25.151845449343742,27.115656550656258
2018-08-07,51.7775,25.11129745772007,26.666202542279933
2018-08-08,51.8125,25.14063049667738,26.67186950332262
2018-08-09,52.220001,25.121965853788733,27.09803514621127
2018-08-10,51.8825,25.139321337581524,26.743178662418476
2018-08-13,52.217499,25.152312493467193,27.065186506532804
2018-08-14,52.4375,25.205450934507795,27.232049065492205
2018-08-15,52.560001,25.21111301552251,27.34888798447749
2018-08-16,53.330002,25.218853044367247,28.111148955632753
2018-08-17,54.395,25.189084086428707,29.205915913571296
2018-08-20,53.865002,25.15911375979717,28.705888240202828
2018-08-21,53.759998,25.16017160504863,28.59982639495137
2018-08-22,53.762501,25.194365520878655,28.568135479121345
2018-08-23,53.872501,25.22441230455881,28.64808869544119
2018-08-24,54.040001,25.234348229739705,28.80565277026029
2018-08-27,54.485001,25.257798938006403,29.227202061993594
2018-08-28,54.924999,25.261521142560607,29.663477857439393
2018-08-29,55.744999,25.258754666017413,30.486244333982587
2018-08-30,56.2575,25.26845141667972,30.98904858332028
2018-08-31,56.907501,25.23597465237,31.671526347630003
2018-09-03,56.907501,25.23304578526672,31.674455214733282
2018-09-04,57.09,25.248758741651955,31.84124125834805
2018-09-05,56.717499,25.27919212206071,31.438306877939286
2018-09-06,55.775002,25.238644130437038,30.536357869562963
2018-09-07,55.325001,25.26797716939435,30.05702383060565
2018-09-10,54.5825,25.2493125265057,29.333187473494302
2018-09-11,55.962502,25.266668010298492,30.69583398970151
2018-09-12,55.267502,25.27965916618416,29.98784283381584
2018-09-13,56.602501,25.332797607224762,31.269703392775234
2018-09-14,55.959999,25.338459688239478,30.621539311760525
2018-09-17,54.470001,25.346199717084215,29.12380128291579
2018-09-18,54.560001,25.316430759145675,29.243570240854325
2018-09-19,54.592499,25.286460432514136,29.30603856748586
2018-09-20,55.0075,25.2875182777656,29.7199817222344
2018-09-21,54.415001,25.321712193595623,29.093288806404374
2018-09-24,55.197498,25.35175897727578,29.845739022724224
2018-09-25,55.547501,25.361694902456673,30.185806097543324
2018-09-26,55.105,25.38514561072337,29.719854389276627
2018-09-27,56.237499,25.388867815277575,30.848631184722425
2018-09-28,56.435001,25.38610133873438,31.04889966126562
2018-10-01,56.814999,25.39579808939669,31.419200910603312
2018-10-02,57.32,25.363321325086968,31.956678674913032
2018-10-03,58.017502,25.36039245798369,32.657109542016315
2018-10-04,56.997501,25.376105414368922,31.621395585631078
2018-10-05,56.072498,25.406538794777678,30.665959205222325
2018-10-08,55.942501,25.365990803154006,30.576510196845994
2018-10-09,56.717499,25.395323842111317,31.32217515788868
2018-10-10,54.09,25.37665919922267,28.713340800777335
2018-10-11,53.612499,25.39401468301546,28.21848431698454
2018-10-12,55.5275,25.407005838901128,30.120494161098875
2018-10-15,54.34,25.46014427994173,28.879855720058274
2018-10-16,55.537498,25.465806360956446,30.071691639043554
2018-10-17,55.297501,25.473546389801182,29.823954610198815
2018-10-18,54.005001,25.443777431862642,28.561223568137358
2018-10-19,54.827499,25.413807105231104,29.4136918947689
2018-10-22,55.162498,25.414864950482567,29.747633049517432
2018-10-23,55.682499,25.44905886631259,30.23344013368741
2018-10-24,53.772499,25.479105649992746,28.293393350007257
2018-10-25,54.950001,25.48904157517364,29.46095942482636
2018-10-26,54.075001,25.512492283440338,28.562508716559663
2018-10-29,53.060001,25.516214487994542,27.543786512005457
2018-10-30,53.325001,25.51344801145135,27.81155298854865
2018-10-31,54.715,25.523144762113656,29.191855237886347
2018-11-01,55.555,25.490667997803936,30.064332002196064
2018-11-02,51.869999,25.487739130700657,26.382259869299343
2018-11-05,50.397499,25.50345208708589,24.894046912914114
2018-11-06,50.942501,25.533885467494645,25.408615532505355
2018-11-07,52.487499,25.493337475870973,26.994161524129026
2018-11-08,52.122501,25.522670514828285,26.599830485171715
2018-11-09,51.1175,25.504005871939636,25.613494128060363
2018-11-12,48.5425,25.521361355732427,23.02113864426757
2018-11-13,48.057499,25.534352511618096,22.523146488381904
2018-11-14,46.700001,25.587490952658698,21.112510047341303
2018-11-15,47.852501,25.593153033673413,22.259347966326583
2018-11-16,48.3825,25.60089306251815,22.78160693748185
2018-11-19,46.465,25.57112410457961,20.893875895420393
2018-11-20,44.244999,25.54115377794807,18.70384522205193
2018-11-21,44.195,25.542211623199535,18.652788376800466
2018-11-22,44.195,25.576405539029558,18.618594460970442
2018-11-23,43.072498,25.606452322709714,17.46604567729029
2018-11-26,43.654999,25.616388247890608,18.03861075210939
2018-11-27,43.560001,25.639838956157305,17.920162043842694
2018-11-28,45.235001,25.64356116071151,19.591439839288487
2018-11-29,44.887501,25.640794684168316,19.246706315831684
2018-11-30,44.645,25.650491434830624,18.99450856516938
2018-12-03,46.205002,25.618014670520903,20.586987329479097
2018-12-04,44.172501,25.615085803417625,18.557415196582372
2018-12-05,44.172501,25.630798759802857,18.54170224019714
2018-12-06,43.68,25.661232140211613,18.018767859788387
2018-12-07,42.122501,25.62068414858794,16.50181685141206
2018-12-10,42.400002,25.650017187545252,16.74998481245475
2018-12-11,42.157501,25.631352544656604,16.5261484553434
2018-12-12,42.275002,25.648708028449395,16.626293971550606
2018-12-13,42.737499,25.661699184335063,17.075799815664936
2018-12-14,41.369999,25.714837625375665,15.655161374624335
2018-12-17,40.985001,25.72049970639038,15.264501293609616
2018-12-18,41.517502,25.728239735235118,15.789262264764883
2018-12-19,40.2225,25.698470777296578,14.524029222703419
2018-12-20,39.2075,25.66850045066504,13.538999549334964
2018-12-21,37.682499,25.669558295916502,12.012940704083498
2018-12-24,36.7075,25.703752211746526,11.003747788253477
2018-12-25,36.7075,25.73379899542668,10.973701004573321
2018-12-26,39.2925,25.743734920607576,13.548765079392421
2018-12-27,39.037498,25.767185628874273,13.270312371125726
2018-12-28,39.057499,25.770907833428478,13.286591166571522
2018-12-31,39.435001,25.768141356885284,13.666859643114716
2019-01-01,39.435001,25.77783810754759,13.657162892452408
2019-01-02,39.48,25.74536134323787,13.734638656762126
2019-01-03,35.547501,25.742432476134592,9.805068523865405
2019-01-04,37.064999,25.758145432519825,11.306853567480175
2019-01-07,36.982498,25.78857881292858,11.193919187071419
2019-01-08,37.6875,25.74803082130491,11.939469178695092
2019-01-09,38.327499,25.77736386026222,12.550135139737783
2019-01-10,38.450001,25.75869921737357,12.691301782626429
2019-01-11,38.072498,25.776054701166363,12.29644329883364
2019-01-14,37.5,25.78904585705203,11.710954142947969
2019-01-15,38.267502,25.842184298092633,12.425317701907368
2019-01-16,38.735001,25.84784637910735,12.887154620892648
2019-01-17,38.965,25.855586407952085,13.109413592047918
2019-01-18,39.205002,25.825817450013545,13.379184549986455
2019-01-21,39.205002,25.795847123382007,13.409154876617993
2019-01-22,38.325001,25.79690496863347,12.52809603136653
2019-01-23,38.48,25.831098884463493,12.648901115536503
2019-01-24,38.174999,25.86114566814365,12.31385333185635
2019-01-25,39.439999,25.871081593324543,13.568917406675457
2019-01-28,39.075001,25.89453230159124,13.18046869840876
2019-01-29,38.669998,25.898254506145445,12.771743493854554
2019-01-30,41.3125,25.89548802960225,15.417011970397748
2019-01-31,41.610001,25.90518478026456,15.704816219735438
2019-02-01,41.630001,25.87270801595484,15.757292984045161
2019-02-04,42.8125,25.86977914885156,16.94272085114844
2019-02-05,43.544998,25.885492105236793,17.659505894763207
2019-02-06,43.560001,25.91592548564555,17.64407551435445
2019-02-07,42.735001,25.875377494021876,16.85962350597812
2019-02-08,42.602501,25.904710532979188,16.69779046702081
2019-02-11,42.357498,25.88604589009054,16.47145210990946
2019-02-12,42.7225,25.90340137388333,16.819098626116666
2019-02-13,42.544998,25.916392529769,16.628605470231
2019-02-14,42.700001,25.9695309708096,16.7304700291904
2019-02-15,42.605,25.975193051824316,16.62980694817568
2019-02-18,42.605,25.982933080669053,16.622066919330944
2019-02-19,42.732498,25.953164122730513,16.779333877269487
2019-02-20,43.0075,25.923193796098975,17.084306203901026
2019-02-21,42.764999,25.924251641350438,16.840747358649566
2019-02-22,43.2425,25.95844555718046,17.28405444281954
2019-02-25,43.557499,25.988492340860617,17.569006659139383
2019-02-26,43.5825,25.99842826604151,17.584071733958492
2019-02-27,43.717499,26.02187897430821,17.695620025691788
2019-02-28,43.287498,26.025601178862413,17.261896821137586
2019-03-01,43.7425,26.02283470231922,17.71966529768078
2019-03-04,43.962502,26.032531452981527,17.929970547018474
2019-03-05,43.8825,26.000054688671806,17.882445311328194
2019-03-06,43.630001,25.997125821568527,17.632875178431473
2019-03-07,43.125,26.01283877795376,17.11216122204624
2019-03-08,43.227501,26.043272158362516,17.18422884163748
2019-03-11,44.724998,26.002724166738844,18.722273833261156
2019-03-12,45.227501,26.032057205696155,19.19544379430384
2019-03-13,45.427502,26.013392562807507,19.41410943719249
2019-03-14,45.932499,26.030748046600298,19.901750953399702
2019-03-15,46.529999,26.043739202485966,20.48625979751403
2019-03-18,47.005001,26.096877643526568,20.908123356473432
2019-03-19,46.6325,26.102539724541284,20.529960275458716
2019-03-20,47.040001,26.11027975338602,20.929721246613976
2019-03-21,48.772499,26.08051079544748,22.691988204552523
2019-03-22,47.762501,26.050540468815942,21.711960531184058
2019-03-25,47.185001,26.051598314067405,21.133402685932595
2019-03-26,46.697498,26.08579222989743,20.611705770102574
2019-03-27,47.1175,26.115839013577585,21.001660986422415
2019-03-28,47.18,26.12577493875848,21.05422506124152
2019-03-29,47.487499,26.149225647025176,21.338273352974824
2019-04-01,47.810001,26.15294785157938,21.65705314842062
2019-04-02,48.505001,26.150181375036187,22.354819624963813
2019-04-03,48.837502,26.159878125698494,22.677623874301506
2019-04-04,48.922501,26.127401361388774,22.795099638611223
2019-04-05,49.25,26.124472494285495,23.125527505714505
2019-04-08,50.025002,26.140185450670728,23.884816549329273
2019-04-09,49.875,26.170618831079484,23.704381168920516
2019-04-10,50.154999,26.13007083945581,24.024928160544185
2019-04-11,49.737499,26.159403878413123,23.578095121586877
2019-04-12,49.717499,26.140739235524475,23.576759764475522
2019-04-15,49.807499,26.158094719317265,23.649404280682734
2019-04-16,49.8125,26.171085875202934,23.641414124797066
2019-04-17,50.782501,26.224224316243536,24.558276683756468
2019-04-18,50.965,26.22988639725825,24.73511360274175
2019-04-19,50.965,26.237626426102988,24.727373573897015
2019-04-22,51.1325,26.20785746816445,24.924642531835552
2019-04-23,51.869999,26.17788714153291,25.69211185846709
2019-04-24,51.790001,26.178944986784373,25.611056013215624
2019-04-25,51.32,26.213138902614396,25.106861097385604
2019-04-26,51.075001,26.243185686294552,24.831815313705448
2019-04-29,51.1525,26.253121611475446,24.899378388524557
2019-04-30,50.1675,26.276572319742144,23.890927680257853
2019-05-01,52.630001,26.280294524296348,26.349706475703652
2019-05-02,52.287498,26.277528047753155,26.009969952246845
2019-05-03,52.9375,26.287224798415462,26.650275201584538
2019-05-06,52.119999,26.25474803410574,25.86525096589426
2019-05-07,50.715,26.251819167002463,24.46318083299754
2019-05-08,50.724998,26.267532123387696,24.457465876612304
2019-05-09,50.18,26.29796550379645,23.88203449620355
2019-05-10,49.294998,26.25741751217278,23.03758048782722
2019-05-13,46.43,26.28675055113009,20.14324944886991
2019-05-14,47.165001,26.268085908241442,20.896915091758554
2019-05-15,47.73,26.285441392034233,21.444558607965764
2019-05-16,47.52,26.2984325479199,21.2215674520801
2019-05-17,47.25,26.351570988960503,20.898429011039497
2019-05-20,45.772499,26.35723306997522,19.415265930024784
2019-05-21,46.650002,26.364973098819956,20.285028901180045
2019-05-22,45.695,26.335204140881416,19.359795859118584
2019-05-23,44.915001,26.305233814249878,18.60976718575012
2019-05-24,44.7425,26.30629165950134,18.43620834049866
2019-05-27,44.7425,26.340485575331364,18.402014424668636
2019-05-28,44.557499,26.37053235901152,18.18696664098848
2019-05-29,44.345001,26.380468284192414,17.96453271580759
2019-05-30,44.575001,26.40391899245911,18.17108200754089
2019-05-31,43.767502,26.407641197013316,17.359860802986685
2019-06-03,43.325001,26.404874720470122,16.920126279529878
2019-06-04,44.91,26.41457147113243,18.495428528867567
2019-06-05,45.634998,26.38209470682271,19.252903293177294
2019-06-06,46.305,26.37916583971943,19.92583416028057
2019-06-07,47.537498,26.394878796104663,21.142619203895336
2019-06-10,48.145,26.42531217651342,21.719687823486584
2019-06-11,48.702499,26.384764184889747,22.317734815110256
2019-06-12,48.547501,26.414097223847058,22.13340377615294
2019-06-13,48.537498,26.39543258095841,22.14206541904159
2019-06-14,48.185001,26.4127880647512,21.7722129352488
2019-06-17,48.4725,26.42577922063687,22.046720779363127
2019-06-18,49.612499,26.47891766167747,23.13358133832253
2019-06-19,49.467499,26.484579742692187,22.98291925730781
2019-06-20,49.865002,26.492319771536923,23.372682228463074
2019-06-21,49.695,26.462550813598384,23.232449186401617
2019-06-24,49.645,26.432580486966845,23.212419513033158
2019-06-25,48.892502,26.433638332218308,22.458863667781692
2019-06-26,49.950001,26.46783224804833,23.48216875195167
2019-06-27,49.935001,26.497879031728488,23.437121968271512
2019-06-28,49.48,26.50781495690938,22.972185043090615
2019-07-01,50.387501,26.53126566517608,23.85623533482392
2019-07-02,50.682499,26.534987869730283,24.147511130269717
2019-07-03,51.102501,26.53222139318709,24.570279606812907
2019-07-04,51.102501,26.541918143849397,24.5605828561506
2019-07-05,51.057499,26.509441379539677,24.548057620460323
2019-07-08,50.005001,26.506512512436398,23.498488487563602
2019-07-09,50.310001,26.52222546882163,23.78777553117837
2019-07-10,50.807499,26.552658849230387,24.254840150769613
2019-07-11,50.4375,26.512110857606714,23.925389142393286
2019-07-12,50.825001,26.541443896564026,24.283557103435975
2019-07-15,51.302502,26.522779253675377,24.77972274632462
2019-07-16,51.125,26.54013473746817,24.58486526253183
2019-07-17,50.837502,26.553125893353837,24.284376106646164
2019-07-18,51.415001,26.60626433439444,24.808736665605558
2019-07-19,50.647499,26.611926415409155,24.03557258459085
2019-07-22,51.805,26.61966644425389,25.18533355574611
2019-07-23,52.209999,26.58989748631535,25.620101513684652
2019-07-24,52.1675,26.559927159683813,25.607572840316184
2019-07-25,51.755001,26.560985004935276,25.194015995064724
2019-07-26,51.935001,26.5951789207653,25.3398220792347
2019-07-29,52.419998,26.625225704445455,25.794772295554544
2019-07-30,52.195,26.63516162962635,25.55983837037365
2019-07-31,53.259998,26.658612337893047,26.601385662106956
2019-08-01,52.107498,26.66233454244725,25.44516345755275
2019-08-02,51.005001,26.659568065904057,24.345432934095943
2019-08-05,48.334999,26.669264816566365,21.66573418343364
2019-08-06,49.25,26.636788052256644,22.613211947743356
2019-08-07,49.759998,26.633859185153366,23.126138814846637
2019-08-08,50.857498,26.6495721415386,24.2079258584614
2019-08-09,50.247501,26.680005521947354,23.567495478052646
2019-08-12,50.119999,26.639457530323682,23.480541469676318
2019-08-13,52.2425,26.668790569280993,25.573709430719006
2019-08-14,50.6875,26.650125926392345,24.037374073607655
2019-08-15,50.435001,26.667481410185136,23.767519589814864
2019-08-16,51.625,26.680472566070804,24.944527433929196
2019-08-19,52.587502,26.733611007111406,25.853890992888594
2019-08-20,52.59,26.739273088126122,25.85072691187388
2019-08-21,53.16,26.74701311697086,26.412986883029138
2019-08-22,53.115002,26.71724415903232,26.397757840967678
2019-08-23,50.66,26.68727383240078,23.972726167599216
2019-08-26,51.622501,26.688331677652243,24.934169322347756
2019-08-27,51.040001,26.722525593482267,24.31747540651773
2019-08-28,51.3825,26.752572377162423,24.629927622837577
2019-08-29,52.252499,26.762508302343317,25.489990697656683
2019-08-30,52.185001,26.785959010610014,25.399041989389985
2019-09-02,52.185001,26.78968121516422,25.39531978483578
2019-09-03,51.424999,26.786914738621025,24.638084261378975
2019-09-04,52.297501,26.796611489283332,25.500889510716664
2019-09-05,53.32,26.764134724973612,26.555865275026388
2019-09-06,53.314999,26.761205857870333,26.553793142129667
2019-09-09,53.5425,26.776918814255566,26.76558118574443
2019-09-10,54.174999,26.807352194664322,27.367646805335678
2019-09-11,55.897499,26.76680420304065,29.130694796959354
2019-09-12,55.772499,26.79613724199796,28.976361758002042
2019-09-13,54.6875,26.777472599109313,27.910027400890687
2019-09-16,54.974998,26.794828082902104,28.180169917097896
2019-09-17,55.174999,26.807819238787772,28.367179761212228
2019-09-18,55.692501,26.860957679828374,28.831543320171626
2019-09-19,55.240002,26.86661976084309,28.373382239156907
2019-09-20,54.432499,26.874359789687826,27.558139210312174
2019-09-23,54.68,26.844590831749287,27.835409168250713
2019-09-24,54.419998,26.814620505117748,27.60537749488225
2019-09-25,55.2575,26.81567835036921,28.44182164963079
2019-09-26,54.9725,26.849872266199235,28.122627733800762
2019-09-27,54.705002,26.87991904987939,27.82508295012061
2019-09-30,55.9925,26.889854975060285,29.102645024939715
2019-10-01,56.147499,26.913305683326982,29.23419331667302
2019-10-02,54.740002,26.917027887881186,27.82297411211881
2019-10-03,55.205002,26.914261411337993,28.290740588662008
2019-10-04,56.752499,26.9239581620003,29.8285408379997
2019-10-07,56.764999,26.89148139769058,29.873517602309423
2019-10-08,56.099998,26.8885525305873,29.2114454694127
2019-10-09,56.7575,26.904265486972534,29.853234513027466
2019-10-10,57.522499,26.93469886738129,30.587800132618714
2019-10-11,59.052502,26.894150875757617,32.15835112424238
2019-10-14,58.967499,26.92348391471493,32.04401508528507
2019-10-15,58.830002,26.90481927182628,31.92518272817372
2019-10-16,58.592499,26.92217475561907,31.670324244380925
2019-10-17,58.82,26.93516591150474,31.88483408849526
2019-10-18,59.102501,26.98830435254534,32.114196647454655
2019-10-21,60.127499,26.993966433560058,33.13353256643994
2019-10-22,59.990002,27.001706462404794,32.98829553759521
2019-10-23,60.794998,26.971937504466254,33.823060495533745
2019-10-24,60.895,26.941967177834716,33.953032822165284
2019-10-25,61.645,26.94302502308618,34.701974976913824
2019-10-28,62.262501,26.977218938916202,35.2852820610838
2019-10-29,60.822498,27.007265722596358,33.815232277403645
2019-10-30,60.814999,27.017201647777252,33.797797352222744
2019-10-31,62.189999,27.04065235604395,35.14934664395605
2019-11-01,63.955002,27.044374560598154,36.91062743940185
2019-11-04,64.375,27.04160808405496,37.33339191594504
2019-11-05,64.282501,27.051304834717268,37.231196165282725
2019-11-06,64.309998,27.018828070407547,37.29116992959244
2019-11-07,64.857498,27.01589920330427,37.841598796695735
2019-11-08,65.035004,27.0316121596895,38.0033918403105
2019-11-11,65.550003,27.062045540098257,38.48795745990175
2019-11-12,65.489998,27.021497548474585,38.468500451525415
2019-11-13,66.1175,27.050830587431896,39.06666941256811
2019-11-14,65.660004,27.032165944543248,38.62783805545675
2019-11-15,66.440002,27.04952142833604,39.39048057166397
2019-11-18,66.775002,27.062512584221707,39.71248941577829
2019-11-19,66.572502,27.11565102526231,39.45685097473769
2019-11-20,65.797501,27.121313106277025,38.67618789372297
2019-11-21,65.502502,27.12905313512176,38.37344886487824
2019-11-22,65.445,27.099284177183222,38.34571582281677
2019-11-25,66.592499,27.069313850551683,39.523185149448324
2019-11-26,66.072502,27.070371695803146,39.002130304196854
2019-11-27,66.959999,27.10456561163317,39.855433388366826
2019-11-28,66.959999,27.134612395313326,39.82538660468667
2019-11-29,66.8125,27.14454832049422,39.66795167950578
2019-12-02,66.040001,27.167999028760917,38.87200197123909
2019-12-03,64.862503,27.17172123331512,37.69078176668488
2019-12-04,65.434998,27.168954756771928,38.26604324322807
2019-12-05,66.394997,27.178651507434235,39.216345492565765
2019-12-06,67.677498,27.146174743124515,40.53132325687548
2019-12-09,66.730003,27.143245876021236,39.58675712397876
2019-12-10,67.120003,27.15895883240647,39.96104416759353
2019-12-11,67.692497,27.189392212815225,40.50310478718478
2019-12-12,67.864998,27.148844221191553,40.71615377880845
2019-12-13,68.787498,27.178177260148864,41.609320739851135
2019-12-16,69.964996,27.159512617260216,42.80548338273978
2019-12-17,70.102501,27.176868101053007,42.925632898947
2019-12-18,69.934998,27.189859256938675,42.74513874306132
2019-12-19,70.004997,27.242997697979277,42.761999302020726
2019-12-20,69.860001,27.248659778993993,42.611341221006
2019-12-23,71.0,27.25639980783873,43.74360019216127
2019-12-24,71.067497,27.22663084990019,43.840866150099814
2019-12-25,71.067497,27.19666052326865,43.870836476731355
2019-12-26,72.477501,27.197718368520114,45.27978263147989
2019-12-27,72.449997,27.231912284350138,45.21808471564986
2019-12-30,72.879997,27.261959068030293,45.61803793196971
2019-12-31,73.412498,27.271894993211188,46.14060300678881
2020-01-01,73.412498,27.295345701477885,46.117152298522115
2020-01-02,75.087502,27.29906790603209,47.78843409396791
2020-01-03,74.357498,27.296301429488896,47.061196570511115
2020-01-06,74.949997,27.305998180151203,47.64399881984879
2020-01-07,74.597504,27.273521415841483,47.323982584158514
2020-01-08,75.797501,27.270592548738204,48.52690845126179
2020-01-09,77.407501,27.286305505123437,50.12119549487656
2020-01-10,77.582497,27.316738885532192,50.265758114467815
2020-01-13,79.239998,27.27619089390852,51.96380710609148
2020-01-14,78.169998,27.30552393286583,50.864474067134175
2020-01-15,77.834999,27.286859289977183,50.54813971002281
2020-01-16,78.809998,27.304214773769974,51.50578322623002
2020-01-17,79.682503,27.317205929655643,52.365297070344354
2020-01-20,79.682503,27.370344370696245,52.31215862930375
2020-01-21,79.142502,27.37600645171096,51.76649554828903
2020-01-22,79.425003,27.383746480555697,52.0412565194443
2020-01-23,79.807503,27.353977522617157,52.45352547738284
2020-01-24,79.577499,27.32400719598562,52.25349180401439
2020-01-27,77.237503,27.32506504123708,49.91243795876292
2020-01-28,79.422501,27.359258957067105,52.06324204293289
2020-01-29,81.084999,27.38930574074726,53.695693259252735
2020-01-30,80.967499,27.399241665928155,53.568257334071845
2020-01-31,77.377502,27.422692374194853,49.954809625805154
2020-02-03,77.165001,27.426414578749057,49.73858642125094
2020-02-04,79.712502,27.423648102205863,52.28885389779414
2020-02-05,80.362503,27.43334485286817,52.92915814713183
2020-02-06,81.302498,27.40086808855845,53.901629911441546
2020-02-07,80.0075,27.39793922145517,52.60956077854482
2020-02-10,80.387497,27.413652177840405,52.97384482215959
2020-02-11,79.902496,27.44408555824916,52.45841044175084
2020-02-12,81.800003,27.403537566625488,54.396465433374516
2020-02-13,81.217499,27.4328706055828,53.784628394417204
2020-02-14,81.237503,27.41420596269415,53.82329703730585
2020-02-17,81.237503,27.431561446486942,53.805941553513065
2020-02-18,79.75,27.44455260237261,52.30544739762739
2020-02-19,80.904999,27.497691043413212,53.40730795658679
2020-02-20,80.074997,27.503353124427928,52.571643875572065
2020-02-21,78.262497,27.511093153272665,50.75140384672733
2020-02-24,74.544998,27.481324195334125,47.06367380466588
2020-02-25,72.019997,27.451353868702586,44.56864313129742
2020-02-26,73.162498,27.45241171395405,45.71008628604595
2020-02-27,68.379997,27.486605629784073,40.89339137021593
2020-02-28,68.339996,27.51665241346423,40.82334358653577
2020-03-02,74.702499,27.526588338645123,47.17591066135488
2020-03-03,72.330002,27.55003904691182,44.77996295308817
2020-03-04,75.684998,27.553761251466025,48.131236748533965
2020-03-05,73.230003,27.55099477492283,45.67900822507717
2020-03-06,72.2575,27.56069152558514,44.69680847441485
2020-03-09,66.542503,27.528214761275418,39.014288238724575
2020-03-10,71.334999,27.52528589417214,43.80971310582785
2020-03-11,68.857498,27.540998850557372,41.316499149442635
2020-03-12,62.057499,27.571432230966128,34.48606676903387
2020-03-13,69.4925,27.530884239342456,41.96161576065755
2020-03-16,60.552502,27.560217278299767,32.99228472170023
2020-03-17,63.215,27.54155263541112,35.67344736458888
2020-03-18,61.6675,27.55890811920391,34.108591880796084
2020-03-19,61.195,27.571899275089578,33.62310072491042
2020-03-20,57.310001,27.62503771613018,29.68496328386982
2020-03-23,56.092499,27.630699797144896,28.4617992028551
2020-03-24,61.720001,27.638439825989632,34.081561174010375
2020-03-25,61.380001,27.608670868051092,33.77133013194891
2020-03-26,64.610001,27.578700541419554,37.031300458580446
2020-03-27,61.935001,27.579758386671017,34.35524261332898
2020-03-30,63.702499,27.61395230250104,36.08854669749896
2020-03-31,63.572498,27.643999086181196,35.92849891381881
2020-04-01,60.227501,27.65393501136209,32.57356598863791
2020-04-02,61.232498,27.677385719628788,33.55511228037121
2020-04-03,60.352501,27.681107924182992,32.67139307581701
2020-04-06,65.6175,27.6783414476398,37.93915855236021
2020-04-07,64.857498,27.688038198302106,37.1694598016979
2020-04-08,66.517502,27.655561433992386,38.861940566007604
2020-04-09,66.997498,27.652632566889107,39.34486543311088
2020-04-10,66.997498,27.66834552327434,39.32915247672565
2020-04-13,68.3125,27.698778903683095,40.61372109631691
2020-04-14,71.762497,27.658230912059423,44.10426608794057
2020-04-15,71.107498,27.687563951016735,43.41993404898327
2020-04-16,71.672501,27.668899308128086,44.00360169187191
2020-04-17,70.699997,27.686254791920877,43.01374220807912
2020-04-20,69.232498,27.699245947806546,41.53325205219346
2020-04-21,67.092499,27.752384388847148,39.340114611152856
2020-04-22,69.025002,27.758046469861863,41.266955530138134
2020-04-23,68.7575,27.7657864987066,40.99171350129339
2020-04-24,70.7425,27.73601754076806,43.00648245923195
2020-04-27,70.792503,27.70604721413652,43.08645578586348
2020-04-28,69.644997,27.707105059387985,41.93789194061202
2020-04-29,71.932503,27.741298975218008,44.19120402478199
2020-04-30,73.449997,27.771345758898164,45.67865124110183
2020-05-01,72.267502,27.781281684079058,44.48622031592093
2020-05-04,73.290001,27.804732392345755,45.48526860765425
2020-05-05,74.389999,27.80845459689996,46.58154440310004
2020-05-06,75.157501,27.805688120356766,47.351812879643234
2020-05-07,75.934998,27.815384871019074,48.119613128980916
2020-05-08,77.532501,27.782908106709353,49.74959289329064
2020-05-11,78.752502,27.779979239606075,50.97252276039393
2020-05-12,77.852501,27.795692195991307,50.056808804008696
2020-05-13,76.912498,27.826125576400063,49.08637242359994
2020-05-14,77.385002,27.78557758477639,49.59942441522361
2020-05-15,76.927498,27.814910623733702,49.1125873762663
2020-05-18,78.739998,27.796245980845054,50.94375201915494
2020-05-19,78.285004,27.813601464637845,50.47140253536216
2020-05-20,79.807503,27.826592620523513,51.980910379476484
2020-05-21,79.212502,27.879731061564115,51.332770938435885
2020-05-22,79.722504,27.88539314257883,51.837110857421166
2020-05-25,79.722504,27.893133171423568,51.82937082857643
2020-05-26,79.182503,27.863364213485028,51.31913878651497
2020-05-27,79.527496,27.83339388685349,51.69410211314651
2020-05-28,79.5625,27.834451732104952,51.72804826789505
2020-05-29,79.485001,27.868645647934976,51.61635535206502
2020-06-01,80.462502,27.89869243161513,52.56380956838487
2020-06-02,80.834999,27.908628356796026,52.92637064320397
2020-06-03,81.279999,27.932079065062723,53.34791993493728
2020-06-04,80.580002,27.935801269616928,52.64420073038306
2020-06-05,82.875,27.933034793073734,54.94196520692627
2020-06-08,83.364998,27.94273154373604,55.422266456263955
2020-06-09,85.997498,27.91025477942632,58.08724322057367
2020-06-10,88.209999,27.907325912323042,60.30267308767695
2020-06-11,83.974998,27.923038868708275,56.051959131291724
2020-06-12,84.699997,27.95347224911703,56.74652475088297
2020-06-15,85.747498,27.91292425749336,57.834573742506635
2020-06-16,88.019997,27.94225729645067,60.077739703549334
2020-06-17,87.897499,27.92359265356202,59.97390634643797
2020-06-18,87.932503,27.940948137354813,59.99155486264519
2020-06-19,87.43,27.95393929324048,59.476060706759526
2020-06-22,89.717499,28.007077734281083,61.71042126571892
2020-06-23,91.6325,28.0127398152958,63.61976018470419
2020-06-24,90.014999,28.020479844140535,61.994519155859464
2020-06-25,91.209999,27.990710886201995,63.219288113798
2020-06-26,88.407501,27.960740559570457,60.44676044042954
2020-06-29,90.445,27.96179840482192,62.48320159517807
2020-06-30,91.199997,27.995992320651943,63.20400467934805
2020-07-01,91.027496,28.0260391043321,63.0014568956679
2020-07-02,91.027496,28.035975029512993,62.991520970487
2020-07-03,91.027496,28.05942573777969,62.96807026222031
2020-07-06,93.462502,28.063147942333895,65.3993540576661
2020-07-07,93.172501,28.0603814657907,65.1121195342093
2020-07-08,95.342499,28.07007821645301,67.27242078354699
2020-07-09,95.752502,28.03760145214329,67.71490054785671
2020-07-10,95.919998,28.03467258504001,67.88532541496
2020-07-13,95.477501,28.050385541425243,67.42711545857476
2020-07-14,97.057503,28.080818921834,68.976684078166
2020-07-15,97.724998,28.040270930210326,69.68472706978967
2020-07-16,96.522499,28.069603969167638,68.45289503083237
2020-07-17,96.327499,28.05093932627899,68.27655967372101
2020-07-20,98.357498,28.06829481007178,70.28920318992823
2020-07-21,97.0,28.08128596595745,68.91871403404255
2020-07-22,97.272499,28.13442440699805,69.13807459300195
2020-07-23,92.845001,28.140086488012766,64.70491451198723
2020-07-24,92.614998,28.147826516857503,64.4671714831425
2020-07-27,94.809998,28.118057558918963,66.69194044108103
2020-07-28,93.252502,28.088087232287425,65.16441476771259
2020-07-29,95.040001,28.089145077538888,66.95085592246112
2020-07-30,96.190002,28.12333899336891,68.0666630066311
2020-07-31,106.260002,28.153385777049067,78.10661622295093
2020-08-03,108.9375,28.16332170222996,80.77417829777004
2020-08-04,109.665001,28.18677241049666,81.47822858950335
2020-08-05,110.0625,28.190494615050863,81.87200538494913
2020-08-06,113.902496,28.18772813850767,85.71476786149233
2020-08-07,111.112503,28.197424889169977,82.91507811083002
2020-08-10,112.727501,28.164948124860256,84.56255287513974
2020-08-11,109.375,28.162019257756977,81.21298074224302
2020-08-12,113.010002,28.17773221414221,84.83226978585779
2020-08-13,115.010002,28.208165594550966,86.80183640544904
2020-08-14,114.907501,28.167617602927294,86.7398833970727
2020-08-17,114.607498,28.196950641884605,86.4105473581154
2020-08-18,115.5625,28.178285998995957,87.38421400100404
2020-08-19,115.707497,28.195641482788748,87.51185551721126
2020-08-20,118.275002,28.208632638674416,90.06636936132558
2020-08-21,124.370003,28.261771079715018,96.10823192028498
2020-08-24,125.857498,28.267433160729734,97.59006483927027
2020-08-25,124.824997,28.27517318957447,96.54982381042552
2020-08-26,126.522499,28.24540423163593,98.27709476836407
2020-08-27,125.010002,28.215433905004392,96.79456809499561
2020-08-28,124.807503,28.216491750255855,96.59101124974414
2020-08-31,129.039993,28.25068566608588,100.78930733391414
2020-09-01,134.179993,28.280732449766035,105.89926055023396
2020-09-02,131.399994,28.29066837494693,103.10932562505306
2020-09-03,120.879997,28.314119083213626,92.56587791678638
2020-09-04,120.959999,28.31784128776783,92.64215771223216
2020-09-07,120.959999,28.315074811224637,92.64492418877536
2020-09-08,112.82,28.324771561886944,84.49522843811305
2020-09-09,117.32,28.292294797577224,89.02770520242277
2020-09-10,113.489998,28.289365930473945,85.20063206952605
2020-09-11,112.0,28.305078886859178,83.69492111314082
2020-09-14,115.360001,28.335512267267934,87.02448873273207
2020-09-15,115.540001,28.29496427564426,87.24503672435574
2020-09-16,112.129997,28.324297314601573,83.80569968539842
2020-09-17,110.339996,28.305632671712925,82.03436332828707
2020-09-18,106.839996,28.322988155505715,78.51700784449429
2020-09-21,110.080002,28.335979311391384,81.74402268860861
2020-09-22,111.809998,28.389117752431986,83.42088024756801
2020-09-23,107.120003,28.3947798334467,78.72522316655329
2020-09-24,108.220001,28.402519862291438,79.81748113770855
2020-09-25,112.279999,28.3727509043529,83.9072480956471
2020-09-28,114.959999,28.34278057772136,86.61721842227864
2020-09-29,114.089996,28.343838422972823,85.74615757702718
2020-09-30,115.809998,28.378032338802846,87.43196566119715
2020-10-01,116.790001,28.408079122483002,88.381921877517
2020-10-02,113.019997,28.418015047663896,84.6019819523361
2020-10-05,116.5,28.441465755930594,88.0585342440694
2020-10-06,113.160004,28.445187960484798,84.7148160395152
2020-10-07,115.080002,28.442421483941605,86.63758051605839
2020-10-08,114.970001,28.452118234603912,86.51788276539608
2020-10-09,116.970001,28.41964147029419,88.5503595297058
2020-10-12,124.400002,28.416712603190913,95.98328939680908
2020-10-13,121.099998,28.432425559576146,92.66757244042385
2020-10-14,121.190002,28.4628589399849,92.72714306001511
2020-10-15,120.709999,28.42231094836123,92.28768805163877
2020-10-16,119.019997,28.45164398731854,90.56835301268146
2020-10-19,115.980003,28.432979344429892,87.5470236555701
2020-10-20,117.510002,28.450334828222683,89.05966717177732
2020-10-21,116.870003,28.46332598410835,88.40667701589165
2020-10-22,115.75,28.516464425148953,87.23353557485105
2020-10-23,115.040001,28.52212650616367,86.51787449383633
2020-10-26,115.050003,28.529866535008406,86.5201364649916
2020-10-27,116.599998,28.500097577069866,88.09990042293013
2020-10-28,111.199997,28.470127250438328,82.72986974956167
2020-10-29,115.32,28.47118509568979,86.8488149043102
2020-10-30,108.860001,28.505379011519814,80.35462198848018
2020-11-02,108.769997,28.53542579519997,80.23457120480003
2020-11-03,110.440002,28.545361720380864,81.89464027961914
2020-11-04,114.949997,28.56881242864756,86.38118457135243
2020-11-05,119.029999,28.572534633201766,90.45746436679823
2020-11-06,118.690002,28.569768156658572,90.12023384334144
2020-11-09,116.32,28.57946490732088,87.74053509267911
2020-11-10,115.970001,28.54698814301116,87.42301285698883
2020-11-11,119.489998,28.54405927590788,90.94593872409212
2020-11-12,119.209999,28.559772232293113,90.65022676770688
2020-11-13,119.260002,28.59020561270187,90.66979638729813
2020-11-16,120.300003,28.549657621078197,91.7503453789218
2020-11-17,119.389999,28.578990660035508,90.8110083399645
2020-11-18,118.029999,28.56032601714686,89.46967298285314
2020-11-19,118.639999,28.57768150093965,90.06231749906036
2020-11-20,117.339996,28.59067265682532,88.74932334317468
2020-11-23,113.849998,28.64381109786592,85.20618690213408
2020-11-24,115.169998,28.649473178880637,86.52052482111937
2020-11-25,116.029999,28.657213207725373,87.37278579227463
2020-11-26,116.029999,28.627444249786834,87.40255475021317
2020-11-27,116.589996,28.597473923155295,87.99252207684471
2020-11-30,119.050003,28.598531768406758,90.45147123159325
2020-12-01,122.720001,28.63272568423678,94.08727531576321
2020-12-02,123.080002,28.662772467916938,94.41722953208306
2020-12-03,122.940002,28.67270839309783,94.26729360690217
2020-12-04,122.25,28.69615910136453,93.55384089863547
2020-12-07,123.75,28.699881305918733,95.05011869408126
2020-12-08,124.379997,28.69711482937554,95.68288217062447
2020-12-09,121.779999,28.706811580037847,93.07318741996215
2020-12-10,123.239998,28.674334815728127,94.56566318427187
2020-12-11,122.410004,28.671405948624848,93.73859805137515
2020-12-14,121.779999,28.68711890501008,93.09288009498992
2020-12-15,127.879997,28.717552285418837,99.16244471458117
2020-12-16,127.809998,28.677004293795164,99.13299370620483
2020-12-17,128.699997,28.706337332752476,99.99365966724753
2020-12-18,126.660004,28.687672689863827,97.97233131013617
2020-12-21,128.229996,28.70502817365662,99.52496782634339
2020-12-22,131.880005,28.718019329542287,103.16198567045772
2020-12-23,130.960007,28.77115777058289,102.1888492294171
2020-12-24,131.970001,28.776819851597605,103.19318114840239
2020-12-25,131.970001,28.78455988044234,103.18544111955765
2020-12-28,136.690002,28.7547909225038,107.93521107749619
2020-12-29,134.869995,28.724820595872263,106.14517440412773
2020-12-30,133.720001,28.725878441123726,104.99412255887627
2020-12-31,132.690002,28.76007235695375,103.92992964304625
2021-01-01,132.690002,28.790119140633905,103.89988285936609
2021-01-04,129.410004,28.8000550658148,100.60994893418518
2021-01-05,131.009995,28.823505774081497,102.1864892259185
2021-01-06,126.599998,28.8272279786357,97.7727700213643
2021-01-07,130.919998,28.824461502092507,102.09553649790749
2021-01-08,132.050003,28.834158252754815,103.21584474724519
2021-01-11,128.979996,28.801681488445094,100.1783145115549
2021-01-12,128.800003,28.798752621341816,100.00125037865818
2021-01-13,130.889999,28.81446557772705,102.07553342227294
2021-01-14,128.910004,28.844898958135804,100.06510504186419
2021-01-15,127.139999,28.804350966512132,98.33564803348787
2021-01-18,127.139999,28.833684005469443,98.30631499453057
2021-01-19,127.830002,28.815019362580795,99.0149826374192
2021-01-20,132.029999,28.832374846373586,103.19762415362642
2021-01-21,136.869995,28.845366002259254,108.02462899774073
2021-01-22,139.070007,28.898504443299856,110.17150255670015
2021-01-25,142.919998,28.904166524314572,114.01583147568542
2021-01-26,143.160004,28.91190655315931,114.24809744684067
2021-01-27,142.059998,28.88213759522077,113.17786040477924
2021-01-28,137.089996,28.85216726858923,108.23782873141079
2021-01-29,131.960007,28.853225113840693,103.1067818861593
2021-02-01,134.139999,28.887419029670717,105.25257997032926
2021-02-02,134.990005,28.917465813350873,106.07253918664912
2021-02-03,133.940002,28.927401738531767,105.01260026146822
2021-02-04,137.389999,28.950852446798464,108.43914655320152
2021-02-05,136.759995,28.95457465135267,107.80542034864733
2021-02-08,136.910004,28.951808174809475,107.95819582519051
2021-02-09,136.009995,28.961504925471782,107.04849007452822
2021-02-10,135.389999,28.929028161162062,106.46097083883792
2021-02-11,135.130005,28.926099294058783,106.20390570594122
2021-02-12,135.369995,28.941812250444016,106.42818274955597
2021-02-15,135.369995,28.972245630852772,106.39774936914722
2021-02-16,133.190002,28.9316976392291,104.2583043607709
2021-02-17,130.839996,28.96103067818641,101.87896532181361
2021-02-18,129.710007,28.942366035297763,100.76764096470222
2021-02-19,129.869995,28.959721519090554,100.91027348090944
2021-02-22,126.0,28.972712674976222,97.02728732502378
2021-02-23,125.860001,29.025851116016824,96.83414988398317
2021-02-24,125.349998,29.03151319703154,96.31848480296846
2021-02-25,120.989998,29.039253225876276,91.95074477412372
2021-02-26,121.260002,29.009484267937736,92.25051773206226
2021-03-01,127.790001,28.979513941306198,98.81048705869381
2021-03-02,125.120003,28.98057178655766,96.13943121344234
2021-03-03,122.059998,29.014765702387685,93.0452322976123
2021-03-04,120.129997,29.04481248606784,91.08518451393216
2021-03-05,121.419998,29.054748411248735,92.36524958875127
2021-03-08,116.360001,29.078199119515432,87.28180188048457
2021-03-09,121.089996,29.081921324069636,92.00807467593036
2021-03-10,119.980003,29.079154847526443,90.90084815247356
2021-03-11,121.959999,29.08885159818875,92.87114740181124
2021-03-12,121.029999,29.05637483387903,91.97362416612097
2021-03-15,123.989998,29.05344596677575,94.93655203322425
2021-03-16,125.57,29.069158923160984,96.50084107683901
2021-03-17,124.760002,29.09959230356974,95.66040969643026
2021-03-18,120.529999,29.059044311946067,91.47095468805394
2021-03-19,119.989998,29.08837735090338,90.90162064909663
2021-03-22,123.389999,29.06971270801473,94.32028629198527
2021-03-23,122.540001,29.08706819180752,93.45293280819249
2021-03-24,120.089996,29.10005934769319,90.98993665230681
2021-03-25,120.589996,29.15319778873379,91.43679821126621
2021-03-26,121.209999,29.158859869748508,92.05113913025149
2021-03-29,121.389999,29.166599898593244,92.22339910140676
2021-03-30,119.900002,29.136830940654704,90.7631710593453
2021-03-31,122.150002,29.106860614023166,93.04314138597684
2021-04-01,123.0,29.10791845927463,93.89208154072537
2021-04-02,123.0,29.142112375104652,93.85788762489534
2021-04-05,125.900002,29.172159158784808,96.72784284121519
2021-04-06,126.209999,29.182095083965702,97.02790391603429
2021-04-07,127.900002,29.2055457922324,98.6944562077676
2021-04-08,130.360001,29.209267996786604,101.1507330032134
2021-04-09,133.0,29.20650152024341,103.7934984797566
2021-04-12,131.240005,29.216198270905718,102.02380672909428
2021-04-13,134.429993,29.183721506595997,105.246271493404
2021-04-14,132.029999,29.18079263949272,102.84920636050728
2021-04-15,134.5,29.19650559587795,105.30349440412205
2021-04-16,134.160004,29.226938976286707,104.93306502371328
2021-04-19,134.839996,29.186390984663035,105.65360501533698
2021-04-20,133.110001,29.215724023620346,103.89427697637967
2021-04-21,133.5,29.197059380731698,104.3029406192683
2021-04-22,131.940002,29.21441486452449,102.72558713547551
2021-04-23,134.320007,29.227406020410157,105.09260097958985
2021-04-26,134.720001,29.28054446145076,105.43945653854924
2021-04-27,134.389999,29.286206542465475,105.10379245753451
2021-04-28,133.580002,29.29394657131021,104.28605542868979
2021-04-29,133.479996,29.264177613371672,104.21581838662833
2021-04-30,131.460007,29.234207286740133,102.22579971325986
2021-05-03,132.539993,29.235265131991596,103.30472786800841
2021-05-04,127.849998,29.26945904782162,98.58053895217839
2021-05-05,128.100006,29.299505831501776,98.80050016849823
2021-05-06,129.740005,29.30944175668267,100.43056324331732
2021-05-07,130.210007,29.332892464949367,100.87711453505062
2021-05-10,126.849998,29.33661466950357,97.51338333049642
2021-05-11,125.910004,29.333848192960378,96.57615580703963
2021-05-12,122.769997,29.343544943622685,93.42645205637731
2021-05-13,124.970001,29.311068179312965,95.65893282068703
2021-05-14,127.449997,29.308139312209686,98.1418576877903
2021-05-17,126.269997,29.32385226859492,96.94614473140508
2021-05-18,124.849998,29.354285649003675,95.49571235099633
2021-05-19,124.690002,29.313737657380003,95.37626434262
2021-05-20,127.309998,29.343070696337314,97.96692730366269
2021-05-21,125.43,29.324406053448666,96.10559394655134
2021-05-24,127.099998,29.341761537241457,97.75823646275855
2021-05-25,126.900002,29.354752693127125,97.54524930687288
2021-05-26,126.849998,29.407891134167727,97.44210686583227
2021-05-27,125.279999,29.413553215182443,95.86644578481756
2021-05-28,124.610001,29.42129324402718,95.18870775597281
2021-05-31,124.610001,29.39152428608864,95.21847671391136
2021-06-01,124.279999,29.3615539594571,94.9184450405429
2021-06-02,125.059998,29.362611804708564,95.69738619529143
2021-06-03,123.540001,29.396805720538588,94.14319527946142
2021-06-04,125.889999,29.426852504218743,96.46314649578126
2021-06-07,125.900002,29.436788429399638,96.46321357060036
2021-06-08,126.739998,29.460239137666335,97.27975886233367
2021-06-09,127.129997,29.46396134222054,97.66603565777946
2021-06-10,126.110001,29.461194865677346,96.64880613432265
2021-06-11,127.349998,29.470891616339653,97.87910638366034
2021-06-14,130.479996,29.438414852029933,101.04158114797006
2021-06-15,129.639999,29.435485984926654,100.20451301507333
2021-06-16,130.149994,29.451198941311887,100.6987950586881
2021-06-17,131.789993,29.481632321720642,102.30836067827937
2021-06-18,130.460007,29.44108433009697,101.01892266990302
2021-06-21,132.300003,29.47041736905428,102.82958563094573
2021-06-22,133.979996,29.451752726165633,104.52824327383436
2021-06-23,133.699997,29.469108209958424,104.23088879004158
2021-06-24,133.410004,29.482099365844093,103.9279046341559
2021-06-25,133.110001,29.535237806884695,103.57476319311532
2021-06-28,134.779999,29.54089988789941,105.23909911210059
2021-06-29,136.330002,29.548639916744147,106.78136208325586
2021-06-30,136.960007,29.518870958805607,107.44113604119438
2021-07-01,137.270004,29.48890063217407,107.78110336782593
2021-07-02,139.960007,29.48995847742553,110.47004852257446
2021-07-05,139.960007,29.524152393255555,110.43585460674444
2021-07-06,142.020004,29.55419917693571,112.46580482306429
2021-07-07,144.570007,29.564135102116605,115.0058718978834
2021-07-08,143.240005,29.587585810383302,113.6524191896167
2021-07-09,145.110001,29.591308014937507,115.5186929850625
2021-07-12,144.5,29.588541538394313,114.91145846160569
2021-07-13,145.639999,29.59823828905662,116.04176071094336
2021-07-14,149.149994,29.5657615247469,119.58423247525309
2021-07-15,148.479996,29.56283265764362,118.91716334235637
2021-07-16,146.389999,29.578545614028855,116.81145338597113
2021-07-19,142.449997,29.60897899443761,112.84101800556239
2021-07-20,146.149994,29.568431002813938,116.58156299718605
2021-07-21,145.399994,29.59776404177125,115.80222995822874
2021-07-22,146.800003,29.5790993988826,117.2209036011174
2021-07-23,148.559998,29.596454882675392,118.96354311732462
2021-07-26,148.990005,29.60944603856106,119.38055896143894
2021-07-27,146.770004,29.662584479601662,117.10741952039834
2021-07-28,144.979996,29.668246560616378,115.31174943938362
2021-07-29,145.639999,29.675986589461115,115.96401241053887
2021-07-30,145.860001,29.646217631522575,116.21378336847744
2021-08-02,145.520004,29.616247304891036,115.90375669510897
2021-08-03,147.360001,29.6173051501425,117.74269584985751
2021-08-04,146.949997,29.651499065972523,117.29849793402747
2021-08-05,147.059998,29.68154584965268,117.37845215034733
2021-08-06,146.139999,29.691481774833573,116.44851722516641
2021-08-09,146.089996,29.71493248310027,116.37506351689974
2021-08-10,145.600006,29.718654687654475,115.88135131234553
2021-08-11,145.860001,29.71588821111128,116.14411278888873
2021-08-12,148.889999,29.72558496177359,119.1644140382264
2021-08-13,149.100006,29.693108197463868,119.40689780253614
2021-08-16,151.119995,29.69017933036059,121.4298156696394
2021-08-17,150.190002,29.705892286745822,120.48410971325417
2021-08-18,146.360001,29.736325667154578,116.62367533284544
2021-08-19,146.699997,29.695777675530906,117.00421932446909
2021-08-20,148.190002,29.725110714488217,118.46489128551178
2021-08-23,149.710007,29.70644607159957,120.00356092840042
2021-08-24,149.619995,29.72380155539236,119.89619344460763
2021-08-25,148.360001,29.736792711278028,118.62320828872198
2021-08-26,147.539993,29.78993115231863,117.75006184768138
2021-08-27,148.600006,29.795593233333346,118.80441276666666
2021-08-30,153.119995,29.803333262178082,123.3166617378219
2021-08-31,151.830002,29.773564304239542,122.05643769576047
2021-09-01,152.509995,29.743593977608004,122.766401022392
2021-09-02,153.649994,29.744651822859467,123.90534217714053
2021-09-03,154.300003,29.77884573868949,124.52115726131052
2021-09-06,154.300003,29.808892522369646,124.49111047763036
2021-09-07,156.690002,29.81882844755054,126.87117355244945
2021-09-08,155.110001,29.842279155817238,125.26772184418277
2021-09-09,154.070007,29.846001360371442,124.22400563962856
2021-09-10,148.970001,29.84323488382825,119.12676611617175
2021-09-13,149.550003,29.852931634490556,119.69707136550944
2021-09-14,148.119995,29.820454870180836,118.29954012981915
2021-09-15,149.029999,29.817526003077557,119.21247299692244
2021-09-16,148.789993,29.83323895946279,118.95675404053722
2021-09-17,146.059998,29.863672339871545,116.19632566012847
2021-09-20,142.940002,29.823124348247873,113.11687765175212
2021-09-21,143.429993,29.852457387205185,113.5775356127948
2021-09-22,145.850006,29.833792744316536,116.01621325568347
2021-09-23,146.830002,29.851148228109327,116.97885377189068
2021-09-24,146.919998,29.864139383994996,117.055858616005
2021-09-27,145.369995,29.917277825035598,115.45271717496439
2021-09-28,141.910004,29.922939906050313,111.98706409394967
2021-09-29,142.830002,29.93067993489505,112.89932206510495
2021-09-30,141.5,29.90091097695651,111.59908902304349
2021-10-01,142.649994,29.87094065032497,112.77905334967502
2021-10-04,139.139999,29.871998495576435,109.26800050442355
2021-10-05,141.110001,29.906192411406458,111.20380858859355
2021-10-06,142.0,29.936239195086614,112.06376080491339
2021-10-07,143.289993,29.946175120267508,113.3438178797325
2021-10-08,142.899994,29.969625828534205,112.93036817146579
2021-10-11,142.809998,29.97334803308841,112.8366499669116
2021-10-12,141.509995,29.970581556545216,111.53941344345479
2021-10-13,140.910004,29.980278307207524,110.92972569279246
2021-10-14,143.759995,29.947801542897803,113.8121934571022
2021-10-15,144.839996,29.944872675794524,114.89512332420549
2021-10-18,146.550003,29.960585632179757,116.58941736782025
2021-10-19,148.759995,29.991019012588513,118.7689759874115
2021-10-20,149.259995,29.95047102096484,119.30952397903516
2021-10-21,149.479996,29.979804059922152,119.50019194007785
2021-10-22,148.690002,29.961139417033504,118.72886258296649
2021-10-25,148.639999,29.978494900826295,118.6615040991737
2021-10-26,149.320007,29.991486056711963,119.32852094328804
2021-10-27,148.850006,30.044624497752565,118.80538150224744
2021-10-28,152.570007,30.05028657876728,122.51972042123272
2021-10-29,149.800003,30.058026607612018,119.74197639238798
2021-11-01,148.960007,30.028257649673478,118.93174935032651
2021-11-02,150.020004,29.99828732304194,120.02171667695806
2021-11-03,151.490005,29.999345168293402,121.4906598317066
2021-11-04,150.960007,30.033539084123426,120.92646791587657
2021-11-05,151.279999,30.06358586780358,121.21641313219642
2021-11-08,150.440002,30.073521792984476,120.36648020701551
2021-11-09,150.809998,30.096972501251173,120.71302549874883
2021-11-10,147.919998,30.100694705805378,117.81930329419461
2021-11-11,147.869995,30.097928229262184,117.77206677073781
2021-11-12,149.990005,30.10762497992449,119.8823800200755
2021-11-15,150.0,30.07514821561477,119.92485178438523
2021-11-16,151.0,30.072219348511492,120.9277806514885
2021-11-17,153.490005,30.087932304896725,123.40207269510327
2021-11-18,157.869995,30.11836568530548,127.75162931469451
2021-11-19,160.550003,30.07781769368181,130.47218530631818
2021-11-22,161.020004,30.10715073263912,130.91285326736087
2021-11-23,161.410004,30.08848608975047,131.32151791024953
2021-11-24,161.940002,30.105841573543263,131.83416042645672
2021-11-25,161.940002,30.11883272942893,131.82116927057106
2021-11-26,156.809998,30.171971170469533,126.63802682953047
2021-11-29,160.240005,30.17763325148425,130.06237174851574
2021-11-30,165.300003,30.185373280328985,135.11462971967103
2021-12-01,164.770004,30.155604322390445,134.61439967760955
2021-12-02,163.759995,30.125633995758907,133.6343610042411
2021-12-03,161.839996,30.12669184101037,131.71330415898964
2021-12-06,165.320007,30.160885756840393,135.1591212431596
2021-12-07,171.179993,30.19093254052055,140.98906045947945
2021-12-08,175.080002,30.200868465701443,144.87913353429857
2021-12-09,174.559998,30.22431917396814,144.33567882603188
2021-12-10,179.449997,30.228041378522345,149.22195562147766
2021-12-13,175.740005,30.22527490197915,145.51473009802083
2021-12-14,174.330002,30.23497165264146,144.09503034735854
2021-12-15,179.300003,30.20249488833174,149.09750811166828
2021-12-16,172.259995,30.19956602122846,142.06042897877154
2021-12-17,171.139999,30.215278977613693,140.92472002238628
2021-12-20,169.75,30.24571235802245,139.50428764197756
2021-12-21,172.990005,30.205164366398776,142.78484063360122
2021-12-22,175.639999,30.234497405356088,145.4055015946439
2021-12-23,176.279999,30.21583276246744,146.06416623753256
2021-12-24,176.279999,30.23318824626023,146.04681075373978
2021-12-27,180.330002,30.2461794021459,150.08382259785412
2021-12-28,179.289993,30.2993178431865,148.9906751568135
2021-12-29,179.380005,30.304979924201216,149.0750250757988
2021-12-30,178.199997,30.312719953045953,147.88727704695404
2021-12-31,177.570007,30.282950995107413,147.28705600489258
2022-01-03,182.009995,30.252980668475875,151.75701433152412
2022-01-04,179.699997,30.254038513727338,149.44595848627267
2022-01-05,174.919998,30.28823242955736,144.63176557044264
2022-01-06,172.0,30.318279213237517,141.68172078676247
2022-01-07,172.169998,30.32821513841841,141.84178286158158
2022-01-10,172.190002,30.35166584668511,141.83833615331488
2022-01-11,175.080002,30.355388051239313,144.7246139487607
2022-01-12,175.529999,30.35262157469612,145.1773774253039
2022-01-13,172.190002,30.362318325358427,141.82768367464158
2022-01-14,173.070007,30.329841561048706,142.7401654389513
2022-01-17,173.070007,30.326912693945427,142.7430943060546
2022-01-18,169.800003,30.34262565033066,139.45737734966934
2022-01-19,166.229996,30.373059030739416,135.85693696926057
2022-01-20,164.509995,30.332511039115744,134.17748396088427
2022-01-21,162.410004,30.361844078073055,132.04815992192692
2022-01-24,161.619995,30.343179435184407,131.2768155648156
2022-01-25,159.779999,30.360534918977198,129.4194640810228
2022-01-26,159.690002,30.373526074862866,129.31647592513713
2022-01-27,159.220001,30.426664515903468,128.79333648409653
2022-01-28,170.330002,30.432326596918184,139.89767540308182
2022-01-31,174.779999,30.44006662576292,144.3399323742371
2022-02-01,174.610001,30.41029766782438,144.19970333217563
2022-02-02,175.839996,30.380327341192842,145.45966865880717
2022-02-03,172.899994,30.381385186444305,142.5186088135557
2022-02-04,172.389999,30.41557910227433,141.97441989772565
2022-02-07,171.660004,30.445625885954485,141.2143781140455
2022-02-08,174.830002,30.45556181113538,144.37444018886464
2022-02-09,176.279999,30.479012519402076,145.80098648059794
2022-02-10,172.119995,30.48273472395628,141.63726027604372
2022-02-11,168.639999,30.479968247413087,138.1600307525869
2022-02-14,168.880005,30.489664998075394,138.3903400019246
2022-02-15,172.789993,30.457188233765674,142.33280476623435
2022-02-16,172.550003,30.454259366662395,142.0957436333376
2022-02-17,168.880005,30.469972323047628,138.41003267695237
2022-02-18,167.300003,30.500405703456384,136.79959729654362
2022-02-21,167.300003,30.45985771183271,136.8401452881673
2022-02-22,164.320007,30.489190750790023,133.83081624921
2022-02-23,160.070007,30.470526107901375,129.59948089209863
2022-02-24,162.740005,30.487881591694165,132.25212340830583
2022-02-25,164.850006,30.500872747579834,134.3491332524202
2022-02-28,165.119995,30.554011188620436,134.56598381137957
2022-03-01,163.199997,30.55967326963515,132.64032373036486
2022-03-02,166.559998,30.567413298479888,135.99258470152012
2022-03-03,166.229996,30.53764434054135,135.69235165945867
2022-03-04,163.169998,30.50767401390981,132.66232398609017
2022-03-07,159.300003,30.508731859161273,128.79127114083872
2022-03-08,157.440002,30.542925774991296,126.8970762250087
2022-03-09,162.949997,30.572972558671452,132.37702444132856
2022-03-10,158.520004,30.582908483852346,127.93709551614765
2022-03-11,154.729996,30.606359192119044,124.12363680788096
2022-03-14,150.619995,30.610081396673248,120.00991360332674
2022-03-15,155.089996,30.607314920130055,124.48268107986996
2022-03-16,159.589996,30.617011670792362,128.97298432920766
2022-03-17,160.619995,30.58453490648264,130.03546009351734
2022-03-18,163.979996,30.581606039379363,133.39838996062065
2022-03-21,165.380005,30.597318995764596,134.78268600423542
2022-03-22,168.820007,30.62775237617335,138.19225462382664
2022-03-23,170.210007,30.58720438454968,139.62280261545033
2022-03-24,174.070007,30.61653742350699,143.453469576493
2022-03-25,174.720001,30.597872780618342,144.12212821938166
2022-03-28,175.600006,30.615228264411133,144.98477773558886
2022-03-29,178.960007,30.6282194202968,148.3317875797032
2022-03-30,177.770004,30.681357861337403,147.0886461386626
2022-03-31,174.610001,30.68701994235212,143.9229810576479
2022-04-01,174.309998,30.694759971196856,143.61523802880316
2022-04-04,178.440002,30.664991013258316,147.77501098674168
2022-04-05,175.059998,30.635020686626778,144.42497731337323
2022-04-06,171.830002,30.63607853187824,141.19392346812177
2022-04-07,172.139999,30.670272447708264,141.46972655229172
2022-04-08,170.089996,30.70031923138842,139.3896767686116
2022-04-11,165.75,30.710255156569314,135.0397448434307
2022-04-12,167.660004,30.73370586483601,136.92629813516396
2022-04-13,170.399994,30.737428069390216,139.6625659306098
2022-04-14,165.289993,30.734661592847022,134.55533140715298
2022-04-15,165.289993,30.74435834350933,134.54563465649068
2022-04-18,165.070007,30.71188157919961,134.3581254208004
2022-04-19,167.399994,30.70895271209633,136.69104128790366
2022-04-20,167.229996,30.724665668481563,136.50533033151845
2022-04-21,166.419998,30.75509904889032,135.66489895110968
2022-04-22,161.789993,30.714551057266647,131.07544194273336
2022-04-25,162.880005,30.743884096223958,132.13612090377606
2022-04-26,156.800003,30.72521945333531,126.07478354666469
2022-04-27,156.570007,30.7425749371281,125.8274320628719
2022-04-28,163.639999,30.75556609301377,132.8844329069862
2022-04-29,157.649994,30.80870453405437,126.84128946594562
2022-05-02,157.960007,30.814366615069087,127.1456403849309
2022-05-03,159.479996,30.822106643913823,128.65788935608617
2022-05-04,166.020004,30.792337685975284,135.2276663140247
2022-05-05,156.770004,30.762367359343745,126.00763664065626
2022-05-06,157.279999,30.763425204595208,126.5165737954048
2022-05-09,152.059998,30.79761912042523,121.26237887957478
2022-05-10,154.509995,30.827665904105388,123.68232909589462
2022-05-11,146.5,30.83760182928628,115.66239817071371
2022-05-12,142.559998,30.86105253755298,111.69894546244703
2022-05-13,147.110001,30.864774742107183,116.24522625789282
2022-05-16,145.539993,30.86200826556399,114.67798473443602
2022-05-17,149.240005,30.871705016226297,118.3682999837737
2022-05-18,140.820007,30.839228251916577,109.98077874808342
2022-05-19,137.350006,30.836299384813298,106.5137066151867
2022-05-20,137.589996,30.85201234119853,106.73798365880148
2022-05-23,143.110001,30.882445721607287,112.22755527839273
2022-05-24,140.360001,30.841897729983614,109.5181032700164
2022-05-25,140.520004,30.871230768940926,109.64877323105907
2022-05-26,143.779999,30.852566126052277,112.92743287394772
2022-05-27,149.639999,30.86992160984507,118.77007739015492
2022-05-30,149.639999,30.882912765730737,118.75708623426925
2022-05-31,148.839996,30.93605120677134,117.90394479322867
2022-06-01,148.710007,30.941713287786055,117.76829371221393
2022-06-02,151.210007,30.94945331663079,120.2605536833692
2022-06-03,145.380005,30.91968435869225,114.46032064130776
2022-06-06,146.139999,30.889714032060713,115.25028496793928
2022-06-07,148.710007,30.890771877312176,117.81923512268781
2022-06-08,147.960007,30.9249657931422,117.03504120685778
2022-06-09,142.639999,30.955012576822355,111.68498642317763
2022-06-10,137.130005,30.96494850200325,106.16505649799676
2022-06-13,131.880005,30.988399210269947,100.89160578973006
2022-06-14,132.759995,30.99212141482415,101.76787358517585
2022-06-15,135.429993,30.989354938280957,104.44063806171904
2022-06-16,130.059998,30.999051688943265,99.06094631105674
2022-06-17,131.559998,30.966574924633544,100.59342307536646
