Recency,Frequency,MonetaryLog,UniqueProducts,TotalQuantity,CustomerLifetime,AvgSpendPerDay,Cluster
23.546511627906966,10.446843853820598,8.262468192320386,145.5847176079734,2742.220930232558,294.58637873754157,12.09729793146441,0
48.99425617461228,3.6863871338311314,6.871075484410785,57.453187823090175,684.3475014359564,191.4824813325675,6.17068373374893,1
158.80662393162396,1.2676282051282008,5.640115603668638,23.008547008547,224.0908119658119,11.044871794871597,180.09408412287047,2
